0,1,2,3,4,5,6,7,8,9,10,11,12
日期,开盘,收盘,最高,最低,成交量,成交额,振幅,涨跌幅,涨跌额,换手率,name,industry
2020-09-25 00:00:00,7.02,8.42,8.42,7.02,4159,3491439,23.93,43.93,2.57,0.51,优彩资源,化纤
2020-09-28 00:00:00,9.26,9.26,9.26,9.26,1760,1629676,0,9.98,0.84,0.22,优彩资源,化纤
2020-09-29 00:00:00,10.19,10.19,10.19,10.19,53971,54996550,0,10.04,0.93,6.61,优彩资源,化纤
2020-09-30 00:00:00,11.2,9.85,11.21,9.27,373548,365240368,19.04,-3.34,-0.34,45.78,优彩资源,化纤
2020-10-09 00:00:00,9.65,10.84,10.84,9.35,305409,303254160,15.13,10.05,0.99,37.43,优彩资源,化纤
2020-10-12 00:00:00,10.6,11.92,11.92,10.55,303346,344587984,12.64,9.96,1.08,37.17,优彩资源,化纤
2020-10-13 00:00:00,11.8,11.34,11.8,11.1,307179,350115024,5.87,-4.87,-0.58,37.64,优彩资源,化纤
2020-10-14 00:00:00,11.25,11.07,11.58,11.04,227090,255250915,4.76,-2.38,-0.27,27.83,优彩资源,化纤
2020-10-15 00:00:00,11.18,10.55,11.18,10.51,179575,191565319,6.05,-4.7,-0.52,22.01,优彩资源,化纤
2020-10-16 00:00:00,10.44,10.52,10.64,10.29,108877,114039592,3.32,-0.28,-0.03,13.34,优彩资源,化纤
2020-10-19 00:00:00,10.6,10.56,10.78,10.42,127424,135059159,3.42,0.38,0.04,15.62,优彩资源,化纤
2020-10-20 00:00:00,10.4,10.66,10.93,10.2,137846,145566074,6.91,0.95,0.1,16.89,优彩资源,化纤
2020-10-21 00:00:00,10.63,10.51,10.84,10.5,125737,134116161,3.19,-1.41,-0.15,15.41,优彩资源,化纤
2020-10-22 00:00:00,10.42,10.63,10.98,10.28,142845,152195073,6.66,1.14,0.12,17.51,优彩资源,化纤
2020-10-23 00:00:00,10.7,10.05,10.77,10.02,155807,160815371,7.06,-5.46,-0.58,19.09,优彩资源,化纤
2020-10-26 00:00:00,10.01,9.87,10.12,9.76,82830,82358993,3.58,-1.79,-0.18,10.15,优彩资源,化纤
2020-10-27 00:00:00,9.8,9.74,9.94,9.64,75762,73999455,3.04,-1.32,-0.13,9.28,优彩资源,化纤
2020-10-28 00:00:00,9.76,9.7,9.78,9.57,58556,56567199,2.16,-0.41,-0.04,7.18,优彩资源,化纤
2020-10-29 00:00:00,9.56,9.6,9.71,9.52,49523,47641818,1.96,-1.03,-0.1,6.07,优彩资源,化纤
2020-10-30 00:00:00,9.6,9.06,9.61,9.06,87592,81843789,5.73,-5.63,-0.54,10.73,优彩资源,化纤
2020-11-02 00:00:00,9.03,9,9.15,8.85,66189,59352022,3.31,-0.66,-0.06,8.11,优彩资源,化纤
2020-11-03 00:00:00,9.06,9.31,9.37,9,62417,57507365,4.11,3.44,0.31,7.65,优彩资源,化纤
2020-11-04 00:00:00,9.35,9.4,9.6,9.11,78588,73359125,5.26,0.97,0.09,9.63,优彩资源,化纤
2020-11-05 00:00:00,9.42,9.53,9.59,9.37,76402,72347058,2.34,1.38,0.13,9.36,优彩资源,化纤
2020-11-06 00:00:00,9.49,9.41,9.52,9.27,69845,65555257,2.62,-1.26,-0.12,8.56,优彩资源,化纤
2020-11-09 00:00:00,9.46,10.35,10.35,9.46,248725,250543839,9.46,9.99,0.94,30.48,优彩资源,化纤
2020-11-10 00:00:00,10.2,10.16,10.6,10.02,176061,180381162,5.6,-1.84,-0.19,21.58,优彩资源,化纤
2020-11-11 00:00:00,10.09,10.6,10.62,10.09,219399,228450985,5.22,4.33,0.44,26.89,优彩资源,化纤
2020-11-12 00:00:00,10.44,10.51,10.8,10.28,172504,181358316,4.91,-0.85,-0.09,21.14,优彩资源,化纤
2020-11-13 00:00:00,10.21,10.79,10.92,9.98,217035,228572942,8.94,2.66,0.28,26.6,优彩资源,化纤
2020-11-16 00:00:00,10.72,11.18,11.5,10.55,278301,307336480,8.8,3.61,0.39,34.11,优彩资源,化纤
2020-11-17 00:00:00,10.88,10.58,11.2,10.54,204839,220412544,5.9,-5.37,-0.6,25.1,优彩资源,化纤
2020-11-18 00:00:00,10.58,11.16,11.25,10.52,236313,258273914,6.9,5.48,0.58,28.96,优彩资源,化纤
2020-11-19 00:00:00,10.88,10.81,11.03,10.59,161297,173816058,3.94,-3.14,-0.35,19.77,优彩资源,化纤
2020-11-20 00:00:00,10.7,10.54,10.71,10.38,105843,111311078,3.05,-2.5,-0.27,12.97,优彩资源,化纤
2020-11-23 00:00:00,10.51,11.15,11.59,10.3,298981,332128848,12.24,5.79,0.61,36.64,优彩资源,化纤
2020-11-24 00:00:00,11.29,12.27,12.27,11.18,367598,431292976,9.78,10.04,1.12,45.05,优彩资源,化纤
2020-11-25 00:00:00,12.01,11.49,12.3,11.48,336694,398821584,6.68,-6.36,-0.78,41.26,优彩资源,化纤
2020-11-26 00:00:00,11.52,11.33,11.75,11.15,176144,200883689,5.22,-1.39,-0.16,21.59,优彩资源,化纤
2020-11-27 00:00:00,11.19,10.89,11.23,10.71,135551,149043028,4.59,-3.88,-0.44,16.61,优彩资源,化纤
2020-11-30 00:00:00,10.82,10.74,11.12,10.71,127846,139623878,3.76,-1.38,-0.15,15.67,优彩资源,化纤
2020-12-01 00:00:00,10.71,10.98,11,10.61,99716,108163482,3.63,2.23,0.24,12.22,优彩资源,化纤
2020-12-02 00:00:00,10.95,10.89,10.99,10.68,95133,102999260,2.82,-0.82,-0.09,11.66,优彩资源,化纤
2020-12-03 00:00:00,10.82,10.45,10.88,10.44,110771,117138895,4.04,-4.04,-0.44,13.57,优彩资源,化纤
2020-12-04 00:00:00,10.36,10.48,10.62,10.29,73580,77134646,3.16,0.29,0.03,9.02,优彩资源,化纤
2020-12-07 00:00:00,10.47,10.41,10.68,10.26,79417,83186475,4.01,-0.67,-0.07,9.73,优彩资源,化纤
2020-12-08 00:00:00,10.32,10.17,10.46,10.13,68034,69987967,3.17,-2.31,-0.24,8.34,优彩资源,化纤
2020-12-09 00:00:00,10.23,10.01,10.33,10,64616,65945714,3.24,-1.57,-0.16,7.92,优彩资源,化纤
2020-12-10 00:00:00,10,10.1,10.14,9.95,47972,48205746,1.9,0.9,0.09,5.88,优彩资源,化纤
2020-12-11 00:00:00,10.1,9.82,10.14,9.63,67197,66179639,5.05,-2.77,-0.28,8.23,优彩资源,化纤
2020-12-14 00:00:00,9.76,10.02,10.05,9.65,53652,52823277,4.07,2.04,0.2,6.57,优彩资源,化纤
2020-12-15 00:00:00,9.9,9.88,10.01,9.88,39157,38914047,1.3,-1.4,-0.14,4.8,优彩资源,化纤
2020-12-16 00:00:00,9.92,9.51,9.92,9.49,59137,56835979,4.35,-3.74,-0.37,7.25,优彩资源,化纤
2020-12-17 00:00:00,9.48,9.63,9.68,9.3,51987,49458697,4,1.26,0.12,6.37,优彩资源,化纤
2020-12-18 00:00:00,9.59,9.53,9.69,9.43,39933,38293356,2.7,-1.04,-0.1,4.89,优彩资源,化纤
2020-12-21 00:00:00,9.52,9.47,9.58,9.4,34826,33051056,1.89,-0.63,-0.06,4.27,优彩资源,化纤
2020-12-22 00:00:00,9.38,9.23,9.6,9.2,64073,60238026,4.22,-2.53,-0.24,7.85,优彩资源,化纤
2020-12-23 00:00:00,9.2,9.15,9.28,9.12,40210,36962078,1.73,-0.87,-0.08,4.93,优彩资源,化纤
2020-12-24 00:00:00,9.16,8.89,9.17,8.88,43996,39622481,3.17,-2.84,-0.26,5.39,优彩资源,化纤
2020-12-25 00:00:00,8.81,9.06,9.15,8.81,37705,34117572,3.82,1.91,0.17,4.62,优彩资源,化纤
2020-12-28 00:00:00,9.07,8.78,9.12,8.74,42241,37549310,4.19,-3.09,-0.28,5.18,优彩资源,化纤
2020-12-29 00:00:00,8.85,8.92,9.06,8.77,37515,33485767,3.3,1.59,0.14,4.6,优彩资源,化纤
2020-12-30 00:00:00,8.86,9.04,9.1,8.8,40282,36176918,3.36,1.35,0.12,4.94,优彩资源,化纤
2020-12-31 00:00:00,9.04,9.26,9.48,8.99,63503,59006574,5.42,2.43,0.22,7.78,优彩资源,化纤
2021-01-04 00:00:00,9.26,9.28,9.36,9.18,41642,38644290,1.94,0.22,0.02,5.1,优彩资源,化纤
2021-01-05 00:00:00,9.26,9.3,9.32,9.1,45774,42115379,2.37,0.22,0.02,5.61,优彩资源,化纤
2021-01-06 00:00:00,9.26,9.11,9.37,9.09,37312,34273377,3.01,-2.04,-0.19,4.57,优彩资源,化纤
2021-01-07 00:00:00,9.17,8.61,9.17,8.55,58275,51290610,6.81,-5.49,-0.5,7.14,优彩资源,化纤
2021-01-08 00:00:00,8.52,8.6,8.72,8.41,28688,24627128,3.6,-0.12,-0.01,3.52,优彩资源,化纤
2021-01-11 00:00:00,8.65,8.16,8.73,8.11,46581,38593663,7.21,-5.12,-0.44,5.71,优彩资源,化纤
2021-01-12 00:00:00,8.14,8.24,8.35,8.14,26761,22068334,2.57,0.98,0.08,3.28,优彩资源,化纤
2021-01-13 00:00:00,8.66,8.36,8.76,8.35,47657,40613822,4.98,1.46,0.12,5.84,优彩资源,化纤
2021-01-14 00:00:00,8.18,8.27,8.39,8.07,43039,35469484,3.83,-1.08,-0.09,5.27,优彩资源,化纤
2021-01-15 00:00:00,8.26,8.59,8.7,8.25,54172,46319985,5.44,3.87,0.32,6.64,优彩资源,化纤
2021-01-18 00:00:00,8.54,8.65,8.78,8.52,39045,33840017,3.03,0.7,0.06,4.78,优彩资源,化纤
2021-01-19 00:00:00,8.64,8.76,8.86,8.57,42289,37108687,3.35,1.27,0.11,5.18,优彩资源,化纤
2021-01-20 00:00:00,8.8,8.83,8.9,8.68,36838,32435776,2.51,0.8,0.07,4.51,优彩资源,化纤
2021-01-21 00:00:00,8.77,8.83,8.87,8.6,44929,39422854,3.06,0,0,5.51,优彩资源,化纤
2021-01-22 00:00:00,8.82,8.66,8.82,8.61,27209,23584011,2.38,-1.93,-0.17,3.33,优彩资源,化纤
2021-01-25 00:00:00,8.63,8.39,8.71,8.38,28171,23894740,3.81,-3.12,-0.27,3.45,优彩资源,化纤
2021-01-26 00:00:00,8.36,8.65,8.77,8.3,48910,42115011,5.6,3.1,0.26,5.99,优彩资源,化纤
2021-01-27 00:00:00,8.58,8.96,9.19,8.45,71753,63636132,8.55,3.58,0.31,8.79,优彩资源,化纤
2021-01-28 00:00:00,8.83,8.77,9.06,8.75,63257,56277714,3.46,-2.12,-0.19,7.75,优彩资源,化纤
2021-01-29 00:00:00,8.88,8.46,8.88,8.33,48449,41367365,6.27,-3.53,-0.31,5.94,优彩资源,化纤
2021-02-01 00:00:00,8.36,9.09,9.31,8.36,104077,93333876,11.23,7.45,0.63,12.75,优彩资源,化纤
2021-02-02 00:00:00,9.03,9.14,9.35,9.03,105051,96712414,3.52,0.55,0.05,12.87,优彩资源,化纤
2021-02-03 00:00:00,9.07,8.88,9.18,8.83,68990,61950237,3.83,-2.84,-0.26,8.45,优彩资源,化纤
2021-02-04 00:00:00,8.81,9.06,9.11,8.7,61977,55298420,4.62,2.03,0.18,7.6,优彩资源,化纤
2021-02-05 00:00:00,8.99,9.24,9.35,8.93,88915,81686461,4.64,1.99,0.18,10.9,优彩资源,化纤
2021-02-08 00:00:00,9.35,9.07,9.42,9.02,72270,66425332,4.33,-1.84,-0.17,8.86,优彩资源,化纤
2021-02-09 00:00:00,9.07,9.35,9.39,8.98,75780,70005169,4.52,3.09,0.28,9.29,优彩资源,化纤
2021-02-10 00:00:00,9.33,9.79,10.24,9.23,141230,136620278,10.8,4.71,0.44,17.31,优彩资源,化纤
2021-02-18 00:00:00,9.91,10.35,10.36,9.91,148549,150171801,4.6,5.72,0.56,18.2,优彩资源,化纤
2021-02-19 00:00:00,10.16,11.39,11.39,10.08,276043,302504848,12.66,10.05,1.04,33.83,优彩资源,化纤
2021-02-22 00:00:00,11.75,12.53,12.53,11.33,290230,353392688,10.54,10.01,1.14,35.57,优彩资源,化纤
2021-02-23 00:00:00,13.01,13.78,13.78,12.08,371899,481636416,13.57,9.98,1.25,45.58,优彩资源,化纤
2021-02-24 00:00:00,13.6,12.4,13.67,12.4,197132,251239437,9.22,-10.01,-1.38,24.16,优彩资源,化纤
2021-02-25 00:00:00,12.09,13.64,13.64,12.03,329415,424402992,12.98,10,1.24,40.37,优彩资源,化纤
2021-02-26 00:00:00,13.64,15,15,12.97,356987,507010496,14.88,9.97,1.36,43.75,优彩资源,化纤
2021-03-01 00:00:00,15.36,16.5,16.5,14.92,319431,507621056,10.53,10,1.5,39.15,优彩资源,化纤
2021-03-02 00:00:00,16.8,14.85,16.8,14.85,85226,130232970,11.82,-10,-1.65,10.44,优彩资源,化纤
2021-03-03 00:00:00,13.45,13.66,15.68,13.37,455600,628958432,15.56,-8.01,-1.19,55.83,优彩资源,化纤
2021-03-04 00:00:00,13.68,15.03,15.03,12.91,432816,613335248,15.52,10.03,1.37,53.04,优彩资源,化纤
2021-03-05 00:00:00,14.8,13.53,15.35,13.53,380279,529403952,12.11,-9.98,-1.5,46.6,优彩资源,化纤
2021-03-08 00:00:00,12.82,12.46,13.38,12.18,333425,421191696,8.87,-7.91,-1.07,40.86,优彩资源,化纤
2021-03-09 00:00:00,12.1,11.21,12.18,11.21,266170,304923440,7.78,-10.03,-1.25,32.62,优彩资源,化纤
2021-03-10 00:00:00,11.1,11.44,11.62,10.71,259334,288538048,8.12,2.05,0.23,31.78,优彩资源,化纤
2021-03-11 00:00:00,11.11,11.5,11.78,10.93,237361,270595152,7.43,0.52,0.06,29.09,优彩资源,化纤
2021-03-12 00:00:00,11.37,11.36,11.88,11.28,208677,241035418,5.22,-1.22,-0.14,25.57,优彩资源,化纤
2021-03-15 00:00:00,11.03,11.67,11.69,11.02,191976,220000867,5.9,2.73,0.31,23.53,优彩资源,化纤
2021-03-16 00:00:00,11.95,11.4,12.15,11.34,207017,241325476,6.94,-2.31,-0.27,25.37,优彩资源,化纤
2021-03-17 00:00:00,11.12,11.52,11.56,11.12,150516,170124280,3.86,1.05,0.12,18.45,优彩资源,化纤
2021-03-18 00:00:00,11.42,11.85,12.19,11.25,265714,313281216,8.16,2.86,0.33,32.56,优彩资源,化纤
2021-03-19 00:00:00,11.8,12.32,12.58,11.58,310320,378649552,8.44,3.97,0.47,38.03,优彩资源,化纤
2021-03-22 00:00:00,12.24,12.26,12.55,12.03,229852,281721008,4.22,-0.49,-0.06,28.17,优彩资源,化纤
2021-03-23 00:00:00,12.05,11.03,12.07,11.03,223692,253036023,8.48,-10.03,-1.23,27.41,优彩资源,化纤
2021-03-24 00:00:00,10.68,10.4,10.78,10.2,166349,174394779,5.26,-5.71,-0.63,20.39,优彩资源,化纤
2021-03-25 00:00:00,10.55,10.34,10.7,10.33,108235,113568281,3.56,-0.58,-0.06,13.26,优彩资源,化纤
2021-03-26 00:00:00,10.26,10.53,10.56,10.2,108529,113199269,3.48,1.84,0.19,13.3,优彩资源,化纤
2021-03-29 00:00:00,10.54,11.07,11.46,10.44,179783,196039687,9.69,5.13,0.54,22.03,优彩资源,化纤
2021-03-30 00:00:00,11.19,10.84,11.19,10.7,128853,139712033,4.43,-2.08,-0.23,15.79,优彩资源,化纤
2021-03-31 00:00:00,10.85,11.04,11.07,10.71,114087,124818187,3.32,1.85,0.2,13.98,优彩资源,化纤
2021-04-01 00:00:00,11.05,10.88,11.1,10.73,103135,112188193,3.35,-1.45,-0.16,12.64,优彩资源,化纤
2021-04-02 00:00:00,10.93,11.02,11.15,10.72,119416,131152463,3.95,1.29,0.14,14.63,优彩资源,化纤
2021-04-06 00:00:00,11.07,11.18,11.43,11.05,117403,131723197,3.45,1.45,0.16,14.39,优彩资源,化纤
2021-04-07 00:00:00,11.18,11.71,11.9,11.18,199347,230796148,6.44,4.74,0.53,24.43,优彩资源,化纤
2021-04-08 00:00:00,11.7,11.58,11.95,11.52,176881,206969886,3.67,-1.11,-0.13,21.68,优彩资源,化纤
2021-04-09 00:00:00,11.44,11.48,11.67,11.4,98834,113878940,2.33,-0.86,-0.1,12.11,优彩资源,化纤
2021-04-12 00:00:00,11.72,11.29,11.82,11.22,139744,161156636,5.23,-1.66,-0.19,17.13,优彩资源,化纤
2021-04-13 00:00:00,11.4,11.06,11.4,10.98,98508,109770806,3.72,-2.04,-0.23,12.07,优彩资源,化纤
2021-04-14 00:00:00,11.09,11.81,12.17,10.93,215268,251916302,11.21,6.78,0.75,26.38,优彩资源,化纤
2021-04-15 00:00:00,11.73,11.4,12.06,11.36,136660,158678412,5.93,-3.47,-0.41,16.75,优彩资源,化纤
2021-04-16 00:00:00,11.46,11.89,12.09,11.4,154045,181912458,6.05,4.3,0.49,18.88,优彩资源,化纤
2021-04-19 00:00:00,11.81,12.04,12.23,11.72,173438,209006746,4.29,1.26,0.15,21.25,优彩资源,化纤
2021-04-20 00:00:00,11.89,11.67,12.16,11.56,156302,184352875,4.98,-3.07,-0.37,19.15,优彩资源,化纤
2021-04-21 00:00:00,11.63,11.74,11.75,11.35,101997,118075815,3.43,0.6,0.07,12.5,优彩资源,化纤
2021-04-22 00:00:00,11.72,11.44,11.74,11.35,96394,110723558,3.32,-2.56,-0.3,11.81,优彩资源,化纤
2021-04-23 00:00:00,11.44,10.88,11.45,10.82,116505,128722839,5.51,-4.9,-0.56,14.28,优彩资源,化纤
2021-04-26 00:00:00,10.8,10.81,11.04,10.7,56138,60965035,3.13,-0.64,-0.07,6.88,优彩资源,化纤
2021-04-27 00:00:00,10.76,10.42,10.82,10.4,64030,67245679,3.89,-3.61,-0.39,7.85,优彩资源,化纤
2021-04-28 00:00:00,10.35,10.43,10.53,10.34,33534,34966059,1.82,0.1,0.01,4.11,优彩资源,化纤
2021-04-29 00:00:00,10.43,10.76,11.1,10.36,72454,77612556,7.09,3.16,0.33,8.88,优彩资源,化纤
2021-04-30 00:00:00,10.84,10.67,10.86,10.5,45157,48065734,3.35,-0.84,-0.09,5.53,优彩资源,化纤
2021-05-06 00:00:00,10.71,10.74,10.93,10.69,43491,46910836,2.25,0.66,0.07,5.33,优彩资源,化纤
2021-05-07 00:00:00,10.64,10.79,10.92,10.6,50548,54320503,2.98,0.47,0.05,6.19,优彩资源,化纤
2021-05-10 00:00:00,10.69,10.51,10.78,10.47,53005,55935737,2.87,-2.59,-0.28,6.5,优彩资源,化纤
2021-05-11 00:00:00,10.41,10.26,10.46,10.11,58221,59634556,3.33,-2.38,-0.25,7.13,优彩资源,化纤
2021-05-12 00:00:00,10.24,10.48,10.5,10.17,45339,46816502,3.22,2.14,0.22,5.56,优彩资源,化纤
2021-05-13 00:00:00,10.37,10.23,10.47,10.2,38037,39246623,2.58,-2.39,-0.25,4.66,优彩资源,化纤
2021-05-14 00:00:00,10.23,10.27,10.35,10.23,29574,30415536,1.17,0.39,0.04,3.62,优彩资源,化纤
2021-05-17 00:00:00,10.29,10,10.36,9.95,53889,54056383,3.99,-2.63,-0.27,6.6,优彩资源,化纤
2021-05-18 00:00:00,9.98,9.87,9.98,9.79,49327,48574543,1.9,-1.3,-0.13,6.05,优彩资源,化纤
2021-05-19 00:00:00,9.86,9.77,9.92,9.74,42745,41876414,1.82,-1.01,-0.1,5.24,优彩资源,化纤
2021-05-20 00:00:00,9.7,10,10.05,9.52,84677,83077634,5.42,2.35,0.23,10.38,优彩资源,化纤
2021-05-21 00:00:00,9.92,9.91,10.07,9.87,43174,42852874,2,-0.9,-0.09,5.29,优彩资源,化纤
2021-05-24 00:00:00,9.91,9.93,9.96,9.85,26545,26301796,1.11,0.2,0.02,3.25,优彩资源,化纤
2021-05-25 00:00:00,10,10.92,10.92,9.94,143310,153657493,9.87,9.97,0.99,17.56,优彩资源,化纤
2021-05-26 00:00:00,10.94,11.13,11.56,10.73,249422,277210400,7.6,1.92,0.21,30.57,优彩资源,化纤
2021-05-27 00:00:00,10.85,11,11.17,10.85,123759,135364117,2.88,-1.17,-0.13,15.17,优彩资源,化纤
2021-05-28 00:00:00,10.91,11.17,11.25,10.84,123236,135925840,3.73,1.55,0.17,15.1,优彩资源,化纤
2021-05-31 00:00:00,11.16,11.49,11.95,11.1,167304,193228547,7.61,2.86,0.32,20.5,优彩资源,化纤
2021-06-01 00:00:00,11.48,11.33,11.49,11.07,109246,123056958,3.66,-1.39,-0.16,13.39,优彩资源,化纤
2021-06-02 00:00:00,11.2,11.1,11.42,11.07,76714,85693694,3.09,-2.03,-0.23,9.4,优彩资源,化纤
2021-06-03 00:00:00,11.16,10.93,11.22,10.93,64980,72018726,2.61,-1.53,-0.17,7.96,优彩资源,化纤
2021-06-04 00:00:00,10.86,10.86,11.07,10.7,56629,61472978,3.39,-0.64,-0.07,6.94,优彩资源,化纤
2021-06-07 00:00:00,10.86,10.97,11.14,10.86,49146,53930139,2.58,1.01,0.11,6.02,优彩资源,化纤
2021-06-08 00:00:00,10.93,10.75,10.93,10.66,52032,55892514,2.46,-2.01,-0.22,6.38,优彩资源,化纤
2021-06-09 00:00:00,10.75,11.29,11.34,10.65,127834,142311551,6.42,5.02,0.54,15.67,优彩资源,化纤
2021-06-10 00:00:00,11.2,11.1,11.26,10.98,80778,89495113,2.48,-1.68,-0.19,9.9,优彩资源,化纤
2021-06-11 00:00:00,11,10.81,11.24,10.81,66888,73558726,3.87,-2.61,-0.29,8.2,优彩资源,化纤
2021-06-15 00:00:00,10.74,10.14,10.74,10.09,79201,81394883,6.01,-6.2,-0.67,9.71,优彩资源,化纤
2021-06-16 00:00:00,10.13,10.24,10.51,10.04,44524,45312232,4.64,0.99,0.1,5.46,优彩资源,化纤
2021-06-17 00:00:00,10.11,10.07,10.2,10.06,32293,32641535,1.37,-1.66,-0.17,3.96,优彩资源,化纤
2021-06-18 00:00:00,10.02,10.15,10.19,9.9,35498,35678529,2.88,0.79,0.08,4.35,优彩资源,化纤
2021-06-21 00:00:00,10.1,10.2,10.28,10.04,31004,31629560,2.36,0.49,0.05,3.8,优彩资源,化纤
2021-06-22 00:00:00,10.2,10.31,10.5,10.18,36868,38114342,3.14,1.08,0.11,4.52,优彩资源,化纤
2021-06-23 00:00:00,10.24,10.16,10.29,10.07,42170,42791446,2.13,-1.45,-0.15,5.17,优彩资源,化纤
2021-06-24 00:00:00,10.1,10.24,10.3,10,41166,41908904,2.95,0.79,0.08,5.04,优彩资源,化纤
2021-06-25 00:00:00,10.35,10.6,10.6,10.13,77197,80690741,4.59,3.52,0.36,9.46,优彩资源,化纤
2021-06-28 00:00:00,10.56,10.34,10.58,10.32,43725,45407660,2.45,-2.45,-0.26,5.36,优彩资源,化纤
2021-06-29 00:00:00,10.4,10.26,10.44,10.12,35966,36988665,3.09,-0.77,-0.08,4.41,优彩资源,化纤
2021-06-30 00:00:00,10.28,10.14,10.28,10.05,29857,30261236,2.24,-1.17,-0.12,3.66,优彩资源,化纤
2021-07-01 00:00:00,10.16,10.07,10.24,10.04,28879,29163230,1.97,-0.69,-0.07,3.54,优彩资源,化纤
2021-07-02 00:00:00,10.06,10,10.14,9.97,19781,19820968,1.69,-0.7,-0.07,2.42,优彩资源,化纤
2021-07-05 00:00:00,10.03,10.09,10.12,10,21032,21146028,1.2,0.9,0.09,2.58,优彩资源,化纤
2021-07-06 00:00:00,10.19,10.17,10.27,10.1,26887,27392705,1.68,0.79,0.08,3.29,优彩资源,化纤
2021-07-07 00:00:00,10.14,10.24,10.28,10.07,23927,24415756,2.06,0.69,0.07,2.93,优彩资源,化纤
2021-07-08 00:00:00,10.19,10.28,10.36,10.07,38198,39050631,2.83,0.39,0.04,4.68,优彩资源,化纤
2021-07-09 00:00:00,10.26,10.38,10.49,10.26,29030,30100766,2.24,0.97,0.1,3.56,优彩资源,化纤
2021-07-12 00:00:00,10.41,10.43,10.51,10.33,37875,39435885,1.73,0.48,0.05,4.64,优彩资源,化纤
2021-07-13 00:00:00,10.42,10.65,10.97,10.21,87580,92884614,7.29,2.11,0.22,10.73,优彩资源,化纤
2021-07-14 00:00:00,10.61,10.91,11.18,10.57,106654,115860127,5.73,2.44,0.26,13.07,优彩资源,化纤
2021-07-15 00:00:00,10.72,10.93,11.23,10.66,88329,96602818,5.22,0.18,0.02,10.82,优彩资源,化纤
2021-07-16 00:00:00,10.85,10.67,10.85,10.57,63746,68027118,2.56,-2.38,-0.26,7.81,优彩资源,化纤
2021-07-19 00:00:00,10.7,10.68,10.92,10.61,45606,49003169,2.91,0.09,0.01,5.59,优彩资源,化纤
2021-07-20 00:00:00,10.58,10.32,10.6,10.24,45199,46726841,3.37,-3.37,-0.36,5.54,优彩资源,化纤
2021-07-21 00:00:00,10.4,10.3,10.42,10.29,31497,32556210,1.26,-0.19,-0.02,3.86,优彩资源,化纤
2021-07-22 00:00:00,10.3,10.75,10.75,10.26,68244,71708779,4.76,4.37,0.45,8.36,优彩资源,化纤
2021-07-23 00:00:00,10.82,10.37,10.85,10.33,58862,61897715,4.84,-3.53,-0.38,7.21,优彩资源,化纤
2021-07-26 00:00:00,10.35,10.18,10.5,10.1,35772,36790686,3.86,-1.83,-0.19,4.38,优彩资源,化纤
2021-07-27 00:00:00,10.19,10.08,10.38,9.96,36209,36691814,4.13,-0.98,-0.1,4.44,优彩资源,化纤
2021-07-28 00:00:00,9.99,9.69,10.04,9.6,33667,32983865,4.37,-3.87,-0.39,4.13,优彩资源,化纤
2021-07-29 00:00:00,9.79,9.82,9.95,9.79,23716,23381424,1.65,1.34,0.13,2.91,优彩资源,化纤
2021-07-30 00:00:00,9.8,9.76,9.84,9.61,23767,23076340,2.34,-0.61,-0.06,2.91,优彩资源,化纤
2021-08-02 00:00:00,9.71,10.05,10.06,9.71,26396,26232890,3.59,2.97,0.29,3.23,优彩资源,化纤
2021-08-03 00:00:00,10.05,10.09,10.19,9.96,26203,26322451,2.29,0.4,0.04,3.21,优彩资源,化纤
2021-08-04 00:00:00,10.08,10.11,10.13,9.95,18691,18784068,1.78,0.2,0.02,2.29,优彩资源,化纤
2021-08-05 00:00:00,10.2,9.91,10.2,9.86,23043,22978606,3.36,-1.98,-0.2,2.82,优彩资源,化纤
2021-08-06 00:00:00,9.81,9.81,9.95,9.74,21137,20705245,2.12,-1.01,-0.1,2.59,优彩资源,化纤
2021-08-09 00:00:00,9.76,9.96,10.03,9.76,18950,18817323,2.75,1.53,0.15,2.32,优彩资源,化纤
2021-08-10 00:00:00,10.01,10.08,10.1,9.96,24628,24728458,1.41,1.2,0.12,3.02,优彩资源,化纤
2021-08-11 00:00:00,10.02,10.06,10.12,10.02,22902,23042143,0.99,-0.2,-0.02,2.81,优彩资源,化纤
2021-08-12 00:00:00,10.08,10.07,10.21,10.01,26488,26748421,1.99,0.1,0.01,3.25,优彩资源,化纤
2021-08-13 00:00:00,10.03,10.36,10.4,10.03,57210,58790691,3.67,2.88,0.29,7.01,优彩资源,化纤
2021-08-16 00:00:00,10.38,10.27,10.38,10.21,28951,29755709,1.64,-0.87,-0.09,3.55,优彩资源,化纤
2021-08-17 00:00:00,10.25,9.98,10.37,9.95,34026,34599938,4.09,-2.82,-0.29,4.17,优彩资源,化纤
2021-08-18 00:00:00,9.92,10.18,10.22,9.92,23534,23801139,3.01,2,0.2,2.88,优彩资源,化纤
2021-08-19 00:00:00,10.18,10.04,10.23,9.95,20780,20861996,2.75,-1.38,-0.14,2.55,优彩资源,化纤
2021-08-20 00:00:00,10.04,9.96,10.04,9.87,19192,19075269,1.69,-0.8,-0.08,2.35,优彩资源,化纤
2021-08-23 00:00:00,9.9,10.1,10.15,9.9,26087,26290447,2.51,1.41,0.14,3.2,优彩资源,化纤
2021-08-24 00:00:00,10.17,10.19,10.24,10.08,28125,28585424,1.58,0.89,0.09,3.45,优彩资源,化纤
2021-08-25 00:00:00,10.19,10.25,10.29,10.11,24565,25121484,1.77,0.59,0.06,3.01,优彩资源,化纤
2021-08-26 00:00:00,10.25,10.63,10.69,10.06,84890,89018901,6.15,3.71,0.38,10.4,优彩资源,化纤
2021-08-27 00:00:00,10.55,10.79,10.89,10.45,98587,105845695,4.14,1.51,0.16,12.08,优彩资源,化纤
2021-08-30 00:00:00,10.79,10.27,10.79,10.24,79424,82615576,5.1,-4.82,-0.52,9.73,优彩资源,化纤
2021-08-31 00:00:00,10.25,10.08,10.25,10.01,41227,41629417,2.34,-1.85,-0.19,5.05,优彩资源,化纤
2021-09-01 00:00:00,10.12,10.03,10.2,9.91,34978,35075314,2.88,-0.5,-0.05,4.29,优彩资源,化纤
2021-09-02 00:00:00,9.96,10.08,10.08,9.93,23389,23462453,1.5,0.5,0.05,2.87,优彩资源,化纤
2021-09-03 00:00:00,10.09,10.58,10.76,10.06,96052,100667218,6.94,4.96,0.5,11.77,优彩资源,化纤
2021-09-06 00:00:00,10.76,10.53,10.76,10.38,43293,45406069,3.59,-0.47,-0.05,5.31,优彩资源,化纤
2021-09-07 00:00:00,10.49,10.53,10.69,10.42,37245,39248003,2.56,0,0,4.56,优彩资源,化纤
2021-09-08 00:00:00,10.53,10.81,10.83,10.38,77552,82806472,4.27,2.66,0.28,9.5,优彩资源,化纤
2021-09-09 00:00:00,10.74,10.61,10.74,10.54,44006,46738439,1.85,-1.85,-0.2,5.39,优彩资源,化纤
2021-09-10 00:00:00,10.56,10.34,10.61,10.31,44070,45942375,2.83,-2.54,-0.27,5.4,优彩资源,化纤
2021-09-13 00:00:00,10.35,10.58,10.63,10.32,36528,38409351,3,2.32,0.24,4.48,优彩资源,化纤
2021-09-14 00:00:00,10.58,10.29,10.58,10.28,34181,35505309,2.84,-2.74,-0.29,4.19,优彩资源,化纤
2021-09-15 00:00:00,10.26,10.3,10.41,10.2,25686,26449433,2.04,0.1,0.01,3.15,优彩资源,化纤
2021-09-16 00:00:00,10.27,10.32,10.61,10.25,53238,55696945,3.5,0.19,0.02,6.52,优彩资源,化纤
2021-09-17 00:00:00,10.27,9.98,10.3,9.87,54009,54156543,4.17,-3.29,-0.34,6.62,优彩资源,化纤
2021-09-22 00:00:00,9.96,10.1,10.1,9.69,21612,21505474,4.11,1.2,0.12,2.65,优彩资源,化纤
2021-09-23 00:00:00,10.08,9.9,10.08,9.9,26466,26390853,1.78,-1.98,-0.2,3.24,优彩资源,化纤
2021-09-24 00:00:00,9.9,9.6,9.9,9.6,30475,29613954,3.03,-3.03,-0.3,3.73,优彩资源,化纤
2021-09-27 00:00:00,9.68,9.14,9.69,9.02,35934,33169789,6.98,-4.79,-0.46,2.36,优彩资源,化纤
2021-09-28 00:00:00,9.23,9.09,9.23,9.03,14385,13076773,2.19,-0.55,-0.05,0.95,优彩资源,化纤
2021-09-29 00:00:00,9.09,9.05,9.25,9.03,16640,15201857,2.42,-0.44,-0.04,1.09,优彩资源,化纤
2021-09-30 00:00:00,9.15,9.16,9.2,9.06,7499,6851225,1.55,1.22,0.11,0.49,优彩资源,化纤
2021-10-08 00:00:00,9.16,9.2,9.21,9.1,14764,13540563,1.2,0.44,0.04,0.97,优彩资源,化纤
2021-10-11 00:00:00,9.2,9.15,9.3,9.12,14239,13087021,1.96,-0.54,-0.05,0.94,优彩资源,化纤
2021-10-12 00:00:00,9.35,9.13,9.35,9.06,13742,12547237,3.17,-0.22,-0.02,0.9,优彩资源,化纤
2021-10-13 00:00:00,9.08,9.1,9.14,9.05,8951,8129142,0.99,-0.33,-0.03,0.59,优彩资源,化纤
2021-10-14 00:00:00,9.1,9.06,9.13,9.03,10899,9892533,1.1,-0.44,-0.04,0.72,优彩资源,化纤
2021-10-15 00:00:00,9.06,8.91,9.09,8.9,11526,10392599,2.1,-1.66,-0.15,0.76,优彩资源,化纤
2021-10-18 00:00:00,8.88,8.61,8.89,8.39,26302,22600692,5.61,-3.37,-0.3,1.73,优彩资源,化纤
2021-10-19 00:00:00,8.63,8.61,8.69,8.58,11207,9661716,1.28,0,0,0.74,优彩资源,化纤
2021-10-20 00:00:00,8.64,8.59,8.65,8.53,10434,8952479,1.39,-0.23,-0.02,0.69,优彩资源,化纤
2021-10-21 00:00:00,8.62,8.71,8.74,8.59,17258,14941387,1.75,1.4,0.12,1.14,优彩资源,化纤
2021-10-22 00:00:00,8.78,8.63,8.79,8.63,11039,9574789,1.84,-0.92,-0.08,0.73,优彩资源,化纤
2021-10-25 00:00:00,8.63,8.45,8.63,8.42,15171,12855665,2.43,-2.09,-0.18,1,优彩资源,化纤
2021-10-26 00:00:00,8.48,8.54,8.57,8.43,9262,7863968,1.66,1.07,0.09,0.61,优彩资源,化纤
2021-10-27 00:00:00,8.53,8.68,8.75,8.5,16111,13845953,2.93,1.64,0.14,1.06,优彩资源,化纤
2021-10-28 00:00:00,8.58,8.4,8.67,8.37,10301,8714761,3.46,-3.23,-0.28,0.68,优彩资源,化纤
2021-10-29 00:00:00,8.4,8.59,8.63,8.38,15336,13102443,2.98,2.26,0.19,1.01,优彩资源,化纤
2021-11-01 00:00:00,8.56,8.65,8.7,8.5,9329,8061892,2.33,0.7,0.06,0.61,优彩资源,化纤
2021-11-02 00:00:00,8.65,8.48,8.69,8.41,10710,9181660,3.24,-1.97,-0.17,0.7,优彩资源,化纤
2021-11-03 00:00:00,8.46,8.52,8.58,8.46,8281,7039785,1.42,0.47,0.04,0.54,优彩资源,化纤
2021-11-04 00:00:00,8.51,8.44,8.51,8.35,17355,14573421,1.88,-0.94,-0.08,1.14,优彩资源,化纤
2021-11-05 00:00:00,8.4,8.51,8.65,8.39,17422,14821864,3.08,0.83,0.07,1.15,优彩资源,化纤
2021-11-08 00:00:00,8.51,8.45,8.51,8.4,9630,8138993,1.29,-0.71,-0.06,0.63,优彩资源,化纤
2021-11-09 00:00:00,8.45,8.51,8.52,8.38,17866,15081954,1.66,0.71,0.06,1.18,优彩资源,化纤
2021-11-10 00:00:00,8.51,8.71,8.72,8.49,33836,29207323,2.7,2.35,0.2,2.23,优彩资源,化纤
2021-11-11 00:00:00,8.72,8.68,8.74,8.62,19495,16905564,1.38,-0.34,-0.03,1.28,优彩资源,化纤
2021-11-12 00:00:00,8.67,8.68,8.72,8.62,17748,15408669,1.15,0,0,1.17,优彩资源,化纤
2021-11-15 00:00:00,8.68,8.82,8.84,8.66,22068,19351622,2.07,1.61,0.14,1.45,优彩资源,化纤
2021-11-16 00:00:00,8.83,8.73,8.84,8.73,18779,16467679,1.25,-1.02,-0.09,1.24,优彩资源,化纤
2021-11-17 00:00:00,8.73,8.78,8.79,8.66,18407,16067557,1.49,0.57,0.05,1.21,优彩资源,化纤
2021-11-18 00:00:00,8.77,8.95,9.04,8.75,40099,35896507,3.3,1.94,0.17,2.64,优彩资源,化纤
2021-11-19 00:00:00,8.99,8.95,9.03,8.87,19480,17378577,1.79,0,0,1.28,优彩资源,化纤
2021-11-22 00:00:00,8.99,8.85,8.99,8.83,21756,19318025,1.79,-1.12,-0.1,1.43,优彩资源,化纤
2021-11-23 00:00:00,8.83,8.79,8.87,8.76,16990,14950447,1.24,-0.68,-0.06,1.12,优彩资源,化纤
2021-11-24 00:00:00,8.79,8.89,8.9,8.73,19952,17628468,1.93,1.14,0.1,1.31,优彩资源,化纤
2021-11-25 00:00:00,8.99,8.86,8.99,8.84,18915,16818368,1.69,-0.34,-0.03,1.24,优彩资源,化纤
2021-11-26 00:00:00,8.86,8.78,8.88,8.75,15516,13658724,1.47,-0.9,-0.08,1.02,优彩资源,化纤
2021-11-29 00:00:00,8.68,8.61,8.72,8.57,18603,16065759,1.71,-1.94,-0.17,1.22,优彩资源,化纤
2021-11-30 00:00:00,8.61,8.71,8.8,8.6,26031,22634755,2.32,1.16,0.1,1.71,优彩资源,化纤
2021-12-01 00:00:00,8.66,9.06,9.1,8.65,55445,49780421,5.17,4.02,0.35,3.65,优彩资源,化纤
2021-12-02 00:00:00,9.04,8.96,9.04,8.85,33786,30203676,2.1,-1.1,-0.1,2.22,优彩资源,化纤
2021-12-03 00:00:00,9.05,9.25,9.31,8.9,49799,45589074,4.58,3.24,0.29,3.28,优彩资源,化纤
2021-12-06 00:00:00,9.25,9.09,9.32,8.96,39695,36067208,3.89,-1.73,-0.16,2.61,优彩资源,化纤
2021-12-07 00:00:00,9.06,9.08,9.1,8.95,18307,16483569,1.65,-0.11,-0.01,1.2,优彩资源,化纤
2021-12-08 00:00:00,9.3,9.02,9.31,8.94,50582,45960469,4.07,-0.66,-0.06,3.33,优彩资源,化纤
2021-12-09 00:00:00,8.97,8.93,9,8.86,21146,18874174,1.55,-1,-0.09,1.39,优彩资源,化纤
2021-12-10 00:00:00,8.88,8.91,9.01,8.88,17596,15713620,1.46,-0.22,-0.02,1.16,优彩资源,化纤
2021-12-13 00:00:00,8.93,8.85,8.95,8.84,21610,19213162,1.23,-0.67,-0.06,1.42,优彩资源,化纤
2021-12-14 00:00:00,8.81,8.85,8.94,8.71,22313,19622701,2.6,0,0,1.47,优彩资源,化纤
2021-12-15 00:00:00,8.84,8.82,8.88,8.8,20160,17808117,0.9,-0.34,-0.03,1.33,优彩资源,化纤
2021-12-16 00:00:00,8.8,8.8,8.82,8.78,20687,18195376,0.45,-0.23,-0.02,1.36,优彩资源,化纤
2021-12-17 00:00:00,8.8,8.73,8.82,8.73,19299,16921831,1.02,-0.8,-0.07,1.27,优彩资源,化纤
2021-12-20 00:00:00,8.73,8.57,8.73,8.56,32405,27896711,1.95,-1.83,-0.16,2.13,优彩资源,化纤
2021-12-21 00:00:00,8.57,8.68,8.77,8.57,27618,23913777,2.33,1.28,0.11,1.82,优彩资源,化纤
2021-12-22 00:00:00,8.78,8.7,8.85,8.7,26708,23404040,1.73,0.23,0.02,1.76,优彩资源,化纤
2021-12-23 00:00:00,8.69,8.56,8.72,8.55,25482,21935471,1.95,-1.61,-0.14,1.68,优彩资源,化纤
2021-12-24 00:00:00,8.56,8.45,8.6,8.43,19948,16939318,1.99,-1.29,-0.11,1.31,优彩资源,化纤
2021-12-27 00:00:00,8.44,8.57,8.58,8.41,20361,17357548,2.01,1.42,0.12,1.34,优彩资源,化纤
2021-12-28 00:00:00,8.55,8.62,8.63,8.55,14348,12332329,0.93,0.58,0.05,0.94,优彩资源,化纤
2021-12-29 00:00:00,8.65,8.76,8.8,8.56,32704,28457361,2.78,1.62,0.14,2.15,优彩资源,化纤
2021-12-30 00:00:00,8.73,8.62,8.74,8.59,37228,32212344,1.71,-1.6,-0.14,2.45,优彩资源,化纤
2021-12-31 00:00:00,8.58,8.6,8.67,8.56,21528,18512296,1.28,-0.23,-0.02,1.42,优彩资源,化纤
2022-01-04 00:00:00,8.64,8.74,8.75,8.6,33708,29329344,1.74,1.63,0.14,2.22,优彩资源,化纤
2022-01-05 00:00:00,8.75,8.64,8.77,8.58,25869,22382856,2.17,-1.14,-0.1,1.7,优彩资源,化纤
2022-01-06 00:00:00,8.64,8.75,8.77,8.59,34340,29978663,2.08,1.27,0.11,2.26,优彩资源,化纤
2022-01-07 00:00:00,8.78,8.68,8.83,8.67,27131,23725826,1.83,-0.8,-0.07,1.78,优彩资源,化纤
2022-01-10 00:00:00,8.63,8.76,8.79,8.63,17483,15274153,1.84,0.92,0.08,1.15,优彩资源,化纤
2022-01-11 00:00:00,8.76,8.76,8.87,8.72,29233,25695608,1.71,0,0,1.92,优彩资源,化纤
2022-01-12 00:00:00,8.76,8.9,8.9,8.76,29455,26097805,1.6,1.6,0.14,1.94,优彩资源,化纤
2022-01-13 00:00:00,8.9,8.86,8.92,8.81,27755,24572911,1.24,-0.45,-0.04,1.83,优彩资源,化纤
2022-01-14 00:00:00,8.84,8.65,8.87,8.65,35247,30907189,2.48,-2.37,-0.21,2.32,优彩资源,化纤
2022-01-17 00:00:00,8.65,8.87,8.87,8.63,31600,27837123,2.77,2.54,0.22,2.08,优彩资源,化纤
2022-01-18 00:00:00,8.93,8.73,8.93,8.7,40340,35285959,2.59,-1.58,-0.14,2.65,优彩资源,化纤
2022-01-19 00:00:00,8.72,8.79,8.84,8.7,25017,21943446,1.6,0.69,0.06,1.65,优彩资源,化纤
2022-01-20 00:00:00,8.85,8.5,8.85,8.48,49373,42441171,4.21,-3.3,-0.29,3.25,优彩资源,化纤
2022-01-21 00:00:00,8.46,8.54,8.65,8.42,26489,22521598,2.71,0.47,0.04,1.74,优彩资源,化纤
2022-01-24 00:00:00,8.58,8.39,8.59,8.38,21144,17799873,2.46,-1.76,-0.15,1.39,优彩资源,化纤
2022-01-25 00:00:00,8.39,7.89,8.39,7.86,39427,31884118,6.32,-5.96,-0.5,2.59,优彩资源,化纤
2022-01-26 00:00:00,7.91,7.95,8.02,7.84,14096,11175183,2.28,0.76,0.06,0.93,优彩资源,化纤
2022-01-27 00:00:00,7.91,7.67,7.98,7.65,23645,18304532,4.15,-3.52,-0.28,1.56,优彩资源,化纤
2022-01-28 00:00:00,7.69,7.84,7.92,7.6,17018,13226284,4.17,2.22,0.17,1.12,优彩资源,化纤
2022-02-07 00:00:00,7.86,8.09,8.16,7.86,22723,18323003,3.83,3.19,0.25,1.49,优彩资源,化纤
2022-02-08 00:00:00,8.09,8.28,8.31,8.06,21594,17782953,3.09,2.35,0.19,1.42,优彩资源,化纤
2022-02-09 00:00:00,8.28,8.25,8.34,8.25,11730,9706592,1.09,-0.36,-0.03,0.77,优彩资源,化纤
2022-02-10 00:00:00,8.22,8.18,8.26,8.14,12835,10508744,1.45,-0.85,-0.07,0.84,优彩资源,化纤
2022-02-11 00:00:00,8.17,8.06,8.2,8.02,13459,10879944,2.2,-1.47,-0.12,0.89,优彩资源,化纤
2022-02-14 00:00:00,8.01,8.1,8.13,8.01,7945,6425628,1.49,0.5,0.04,0.52,优彩资源,化纤
2022-02-15 00:00:00,8.04,8.08,8.12,8.03,7667,6188605,1.11,-0.25,-0.02,0.5,优彩资源,化纤
2022-02-16 00:00:00,8.07,8.26,8.29,8.06,14551,11968356,2.85,2.23,0.18,0.96,优彩资源,化纤
2022-02-17 00:00:00,8.27,8.15,8.28,8.13,11699,9579727,1.82,-1.33,-0.11,0.77,优彩资源,化纤
2022-02-18 00:00:00,8.16,8.19,8.2,8.08,9212,7505777,1.47,0.49,0.04,0.61,优彩资源,化纤
2022-02-21 00:00:00,8.19,8.4,8.43,8.15,17142,14223468,3.42,2.56,0.21,1.13,优彩资源,化纤
2022-02-22 00:00:00,8.34,8.28,8.35,8.23,13576,11231726,1.43,-1.43,-0.12,0.89,优彩资源,化纤
2022-02-23 00:00:00,8.31,8.36,8.4,8.23,13972,11676353,2.05,0.97,0.08,0.92,优彩资源,化纤
2022-02-24 00:00:00,8.35,8.13,8.39,8.03,22606,18558594,4.31,-2.75,-0.23,1.49,优彩资源,化纤
2022-02-25 00:00:00,8.14,8.2,8.28,8.14,12520,10274276,1.72,0.86,0.07,0.82,优彩资源,化纤
2022-02-28 00:00:00,8.12,8.11,8.22,8.03,11354,9193659,2.32,-1.1,-0.09,0.75,优彩资源,化纤
2022-03-01 00:00:00,8.09,8.15,8.21,8.09,6482,5274662,1.48,0.49,0.04,0.43,优彩资源,化纤
2022-03-02 00:00:00,8.16,8.34,8.42,8.11,21453,17789548,3.8,2.33,0.19,1.41,优彩资源,化纤
2022-03-03 00:00:00,8.34,8.41,8.47,8.32,33673,28285361,1.8,0.84,0.07,2.22,优彩资源,化纤
2022-03-04 00:00:00,8.34,8.31,8.42,8.3,13579,11341097,1.43,-1.19,-0.1,0.89,优彩资源,化纤
2022-03-07 00:00:00,8.27,8.21,8.35,8.18,13310,11014383,2.05,-1.2,-0.1,0.88,优彩资源,化纤
2022-03-08 00:00:00,8.21,8,8.22,8,12732,10294207,2.68,-2.56,-0.21,0.84,优彩资源,化纤
2022-03-09 00:00:00,8,7.87,8.14,7.51,20982,16494676,7.88,-1.63,-0.13,1.38,优彩资源,化纤
2022-03-10 00:00:00,7.92,8.01,8.15,7.92,13144,10597490,2.92,1.78,0.14,0.86,优彩资源,化纤
2022-03-11 00:00:00,8.01,8.03,8.07,7.85,11495,9126371,2.75,0.25,0.02,0.76,优彩资源,化纤
2022-03-14 00:00:00,8.1,7.81,8.1,7.81,10225,8140576,3.61,-2.74,-0.22,0.67,优彩资源,化纤
2022-03-15 00:00:00,7.78,7.39,7.81,7.38,20507,15612766,5.51,-5.38,-0.42,1.35,优彩资源,化纤
2022-03-16 00:00:00,7.51,7.57,7.64,7.25,15684,11704726,5.28,2.44,0.18,1.03,优彩资源,化纤
2022-03-17 00:00:00,7.63,7.68,7.72,7.61,12309,9439657,1.45,1.45,0.11,0.81,优彩资源,化纤
2022-03-18 00:00:00,7.66,7.8,7.81,7.62,10072,7808575,2.47,1.56,0.12,0.66,优彩资源,化纤
2022-03-21 00:00:00,7.8,7.89,7.93,7.78,8186,6429295,1.92,1.15,0.09,0.54,优彩资源,化纤
2022-03-22 00:00:00,7.87,7.92,7.94,7.82,7074,5572060,1.52,0.38,0.03,0.47,优彩资源,化纤
2022-03-23 00:00:00,7.94,7.86,7.96,7.86,5390,4258584,1.26,-0.76,-0.06,0.35,优彩资源,化纤
2022-03-24 00:00:00,7.86,7.81,7.86,7.71,10400,8083431,1.91,-0.64,-0.05,0.68,优彩资源,化纤
2022-03-25 00:00:00,7.79,7.88,7.95,7.79,9045,7133901,2.05,0.9,0.07,0.6,优彩资源,化纤
2022-03-28 00:00:00,7.88,7.86,7.94,7.7,8101,6335627,3.05,-0.25,-0.02,0.53,优彩资源,化纤
2022-03-29 00:00:00,7.82,7.77,7.93,7.71,5801,4523286,2.8,-1.15,-0.09,0.38,优彩资源,化纤
2022-03-30 00:00:00,7.75,7.81,7.87,7.7,7627,5938879,2.19,0.51,0.04,0.5,优彩资源,化纤
2022-03-31 00:00:00,7.81,7.89,8.1,7.75,17736,14107513,4.48,1.02,0.08,1.17,优彩资源,化纤
2022-04-01 00:00:00,7.86,7.91,7.94,7.78,11523,9020302,2.03,0.25,0.02,0.76,优彩资源,化纤
2022-04-06 00:00:00,7.89,7.97,8.1,7.87,16458,13181091,2.91,0.76,0.06,1.08,优彩资源,化纤
2022-04-07 00:00:00,7.93,7.81,7.99,7.81,15075,11911300,2.26,-2.01,-0.16,0.99,优彩资源,化纤
2022-04-08 00:00:00,7.88,7.71,7.88,7.63,14067,10846172,3.2,-1.28,-0.1,0.93,优彩资源,化纤
2022-04-11 00:00:00,7.85,7.57,7.99,7.53,24177,18726687,5.97,-1.82,-0.14,1.59,优彩资源,化纤
2022-04-12 00:00:00,7.56,7.72,7.76,7.38,20169,15324681,5.02,1.98,0.15,1.33,优彩资源,化纤
2022-04-13 00:00:00,7.69,7.57,7.71,7.56,12567,9582092,1.94,-1.94,-0.15,0.83,优彩资源,化纤
2022-04-14 00:00:00,7.57,7.56,7.6,7.38,20015,15035097,2.91,-0.13,-0.01,1.32,优彩资源,化纤
2022-04-15 00:00:00,7.52,7.32,7.52,7.3,14881,10995520,2.91,-3.17,-0.24,0.98,优彩资源,化纤
2022-04-18 00:00:00,7.31,7.4,7.46,7.11,11199,8190797,4.78,1.09,0.08,0.74,优彩资源,化纤
2022-04-19 00:00:00,7.37,7.42,7.52,7.37,9014,6714311,2.03,0.27,0.02,0.59,优彩资源,化纤
2022-04-20 00:00:00,7.42,7.34,7.51,7.33,8520,6324108,2.43,-1.08,-0.08,0.56,优彩资源,化纤
2022-04-21 00:00:00,7.33,7.1,7.46,7.09,24979,17987064,5.04,-3.27,-0.24,1.64,优彩资源,化纤
2022-04-22 00:00:00,7.17,7.25,7.38,7.02,21477,15535847,5.07,2.11,0.15,1.41,优彩资源,化纤
2022-04-25 00:00:00,7.08,6.76,7.33,6.71,26255,18512583,8.55,-6.76,-0.49,1.73,优彩资源,化纤
2022-04-26 00:00:00,6.78,6.53,6.86,6.4,22691,15089178,6.8,-3.4,-0.23,1.49,优彩资源,化纤
2022-04-27 00:00:00,6.34,6.39,6.54,6.02,27908,17466838,7.96,-2.14,-0.14,1.84,优彩资源,化纤
2022-04-28 00:00:00,6.41,6.34,6.48,6.24,21303,13514936,3.76,-0.78,-0.05,1.4,优彩资源,化纤
2022-04-29 00:00:00,6.35,6.51,6.56,6.33,18459,11950312,3.63,2.68,0.17,1.21,优彩资源,化纤
2022-05-05 00:00:00,6.48,6.53,6.61,6.39,15569,10140631,3.38,0.31,0.02,1.02,优彩资源,化纤
2022-05-06 00:00:00,6.32,6.57,6.59,6.32,18578,12052112,4.13,0.61,0.04,1.22,优彩资源,化纤
2022-05-09 00:00:00,6.52,6.69,6.72,6.52,14322,9567741,3.04,1.83,0.12,0.94,优彩资源,化纤
2022-05-10 00:00:00,6.57,6.73,6.76,6.57,10891,7297397,2.84,0.6,0.04,0.72,优彩资源,化纤
2022-05-11 00:00:00,6.74,6.72,6.89,6.67,12055,8227805,3.27,-0.15,-0.01,0.79,优彩资源,化纤
2022-05-12 00:00:00,6.69,6.71,6.83,6.63,10850,7284191,2.98,-0.15,-0.01,0.71,优彩资源,化纤
2022-05-13 00:00:00,6.72,6.76,6.81,6.7,9198,6212632,1.64,0.75,0.05,0.61,优彩资源,化纤
2022-05-16 00:00:00,6.8,6.76,6.85,6.71,9932,6745256,2.07,0,0,0.65,优彩资源,化纤
2022-05-17 00:00:00,6.74,6.77,6.8,6.68,9709,6534394,1.78,0.15,0.01,0.64,优彩资源,化纤
2022-05-18 00:00:00,6.78,6.91,6.94,6.72,13286,9156371,3.25,2.07,0.14,0.87,优彩资源,化纤
2022-05-19 00:00:00,6.88,6.89,6.9,6.69,8776,6001623,3.04,-0.29,-0.02,0.58,优彩资源,化纤
2022-05-20 00:00:00,6.82,7,7.07,6.82,12787,8903951,3.63,1.6,0.11,0.84,优彩资源,化纤
2022-05-23 00:00:00,7.03,7.2,7.22,6.98,22423,16052911,3.43,2.86,0.2,1.48,优彩资源,化纤
2022-05-24 00:00:00,7.25,6.94,7.29,6.93,18166,12906171,5,-3.61,-0.26,1.2,优彩资源,化纤
2022-05-25 00:00:00,6.9,7.07,7.11,6.9,9137,6430353,3.03,1.87,0.13,0.6,优彩资源,化纤
2022-05-26 00:00:00,7.09,7.05,7.16,6.94,13997,9859784,3.11,-0.28,-0.02,0.92,优彩资源,化纤
2022-05-27 00:00:00,7.05,7.07,7.14,7.02,12048,8528841,1.7,0.28,0.02,0.79,优彩资源,化纤
2022-05-30 00:00:00,7.05,7.15,7.15,7.02,12275,8724065,1.84,1.13,0.08,0.81,优彩资源,化纤
2022-05-31 00:00:00,7.14,7.16,7.19,7.07,11475,8192380,1.68,0.14,0.01,0.75,优彩资源,化纤
2022-06-01 00:00:00,7.48,7.88,7.88,7.35,189477,148461151,7.4,10.06,0.72,12.46,优彩资源,化纤
2022-06-02 00:00:00,7.6,7.42,7.6,7.26,181440,134447042,4.31,-5.84,-0.46,11.94,优彩资源,化纤
2022-06-06 00:00:00,7.33,7.46,7.58,7.3,104062,77271382,3.77,0.54,0.04,6.85,优彩资源,化纤
2022-06-07 00:00:00,7.44,7.36,7.45,7.23,70829,51833435,2.95,-1.34,-0.1,4.66,优彩资源,化纤
2022-06-08 00:00:00,7.36,7.28,7.41,7.13,51032,37134682,3.8,-1.09,-0.08,3.36,优彩资源,化纤
2022-06-09 00:00:00,7.27,7.28,7.3,7.14,28428,20540162,2.2,0,0,1.87,优彩资源,化纤
2022-06-10 00:00:00,7.21,7.26,7.35,7.2,33391,24315642,2.06,-0.27,-0.02,2.2,优彩资源,化纤
2022-06-13 00:00:00,7.26,7.27,7.3,7.19,29710,21531040,1.52,0.14,0.01,1.95,优彩资源,化纤
2022-06-14 00:00:00,7.25,7.31,7.36,7.17,54392,39597655,2.61,0.55,0.04,3.58,优彩资源,化纤
2022-06-15 00:00:00,7.3,7.25,7.39,7.25,43243,31643357,1.92,-0.82,-0.06,2.84,优彩资源,化纤
2022-06-16 00:00:00,7.23,7.19,7.27,7.18,31072,22430521,1.24,-0.83,-0.06,2.04,优彩资源,化纤
2022-06-17 00:00:00,7.16,7.13,7.19,7.05,27589,19637705,1.95,-0.83,-0.06,1.81,优彩资源,化纤
2022-06-20 00:00:00,7.16,7.22,7.23,7.11,22536,16143682,1.68,1.26,0.09,1.48,优彩资源,化纤
2022-06-21 00:00:00,7.24,7.13,7.24,7.08,23337,16689271,2.22,-1.25,-0.09,1.54,优彩资源,化纤
2022-06-22 00:00:00,7.12,6.92,7.14,6.92,39729,27859162,3.09,-2.95,-0.21,2.61,优彩资源,化纤
2022-06-23 00:00:00,6.93,6.98,6.98,6.87,18024,12502402,1.59,0.87,0.06,1.19,优彩资源,化纤
2022-06-24 00:00:00,7.04,7,7.04,6.97,18093,12666562,1,0.29,0.02,1.19,优彩资源,化纤
2022-06-27 00:00:00,7.03,7.12,7.22,7.02,38729,27651313,2.86,1.71,0.12,2.55,优彩资源,化纤
2022-06-28 00:00:00,7.08,7.19,7.21,7.08,31130,22308921,1.83,0.98,0.07,2.05,优彩资源,化纤
2022-06-29 00:00:00,7.24,7.07,7.24,7.07,22171,15830351,2.36,-1.67,-0.12,1.46,优彩资源,化纤
2022-06-30 00:00:00,7.09,7.11,7.16,7.07,25465,18123772,1.27,0.57,0.04,1.68,优彩资源,化纤
2022-07-01 00:00:00,7.07,7.1,7.16,7.05,19307,13727995,1.55,-0.14,-0.01,1.27,优彩资源,化纤
2022-07-04 00:00:00,7.14,7.1,7.15,7.07,16207,11497726,1.13,0,0,1.07,优彩资源,化纤
2022-07-05 00:00:00,7.11,7.06,7.14,7.01,18454,13048691,1.83,-0.56,-0.04,1.21,优彩资源,化纤
2022-07-06 00:00:00,7.06,6.88,7.06,6.83,36623,25313606,3.26,-2.55,-0.18,2.41,优彩资源,化纤
2022-07-07 00:00:00,6.91,6.89,6.96,6.88,12559,8695424,1.16,0.15,0.01,0.83,优彩资源,化纤
2022-07-08 00:00:00,6.93,6.9,6.96,6.88,12377,8569657.8,1.16,0.15,0.01,0.81,优彩资源,化纤
2022-07-11 00:00:00,6.92,6.84,6.92,6.78,20909,14268958.72,2.03,-0.87,-0.06,1.38,优彩资源,化纤
2022-07-12 00:00:00,6.84,6.75,6.84,6.71,17816,12064886.57,1.9,-1.32,-0.09,1.17,优彩资源,化纤
2022-07-13 00:00:00,6.75,6.83,6.83,6.72,13825,9403692.28,1.63,1.19,0.08,0.91,优彩资源,化纤
2022-07-14 00:00:00,6.83,7,7.05,6.78,33137,23052652,3.95,2.49,0.17,2.18,优彩资源,化纤
2022-07-15 00:00:00,6.97,6.81,7.13,6.81,31000,21450732,4.57,-2.71,-0.19,2.04,优彩资源,化纤
2022-07-18 00:00:00,6.8,7.08,7.12,6.77,40237,28322986,5.14,3.96,0.27,2.65,优彩资源,化纤
2022-07-19 00:00:00,7.07,7.09,7.12,7.03,21531,15242169.67,1.27,0.14,0.01,1.42,优彩资源,化纤
2022-07-20 00:00:00,7.09,7.17,7.17,7.06,24990,17847377,1.55,1.13,0.08,1.64,优彩资源,化纤
2022-07-21 00:00:00,7.14,7.22,7.36,7.12,49516,35989937.48,3.35,0.7,0.05,3.26,优彩资源,化纤
2022-07-22 00:00:00,7.21,7.23,7.3,7.13,22977,16572122,2.35,0.14,0.01,1.51,优彩资源,化纤
2022-07-25 00:00:00,7.28,7.3,7.4,7.18,35316,25812771,3.04,0.97,0.07,2.32,优彩资源,化纤
2022-07-26 00:00:00,7.32,7.32,7.34,7.21,22882,16692686.37,1.78,0.27,0.02,1.51,优彩资源,化纤
2022-07-27 00:00:00,7.29,7.42,7.56,7.29,39892,29500550.68,3.69,1.37,0.1,2.62,优彩资源,化纤
2022-07-28 00:00:00,7.42,7.54,7.71,7.35,55951,41925662.88,4.85,1.62,0.12,3.68,优彩资源,化纤
2022-07-29 00:00:00,7.49,7.63,7.67,7.42,57751,43610192.74,3.32,1.19,0.09,3.8,优彩资源,化纤
2022-08-01 00:00:00,7.63,7.72,7.8,7.58,59913,46214596,2.88,1.18,0.09,3.94,优彩资源,化纤
2022-08-02 00:00:00,7.69,7.52,7.72,7.4,42620,32012985.6,4.15,-2.59,-0.2,2.8,优彩资源,化纤
2022-08-03 00:00:00,7.52,7.43,7.75,7.39,47714,36054458.06,4.79,-1.2,-0.09,3.14,优彩资源,化纤
2022-08-04 00:00:00,7.43,7.49,7.56,7.42,27472,20560760.26,1.88,0.81,0.06,1.81,优彩资源,化纤
2022-08-05 00:00:00,7.56,7.5,7.59,7.37,24392,18213844,2.94,0.13,0.01,1.6,优彩资源,化纤
2022-08-08 00:00:00,7.5,7.53,7.59,7.4,24775,18597345,2.53,0.4,0.03,1.63,优彩资源,化纤
2022-08-09 00:00:00,7.53,7.71,7.72,7.45,45238,34528992.68,3.59,2.39,0.18,2.98,优彩资源,化纤
2022-08-10 00:00:00,7.74,7.83,8.17,7.7,144636,114683884.2,6.1,1.56,0.12,9.51,优彩资源,化纤
2022-08-11 00:00:00,7.9,7.8,7.92,7.69,57073,44513695.87,2.94,-0.38,-0.03,3.75,优彩资源,化纤
2022-08-12 00:00:00,7.79,7.79,7.98,7.72,89851,70502270.72,3.33,-0.13,-0.01,5.91,优彩资源,化纤
2022-08-15 00:00:00,7.99,7.8,8.2,7.67,94945,74821348.05,6.8,0.13,0.01,6.25,优彩资源,化纤
2022-08-16 00:00:00,7.8,7.73,7.87,7.66,49365,38302720,2.69,-0.9,-0.07,3.25,优彩资源,化纤
2022-08-17 00:00:00,7.74,7.66,7.79,7.64,31089,23864273,1.94,-0.91,-0.07,2.05,优彩资源,化纤
2022-08-18 00:00:00,7.64,7.56,7.65,7.42,42892,32215769.91,3,-1.31,-0.1,2.82,优彩资源,化纤
2022-08-19 00:00:00,7.56,7.44,7.6,7.42,26436,19808760.16,2.38,-1.59,-0.12,1.74,优彩资源,化纤
2022-08-22 00:00:00,7.44,7.6,7.6,7.33,24606,18450926,3.63,2.15,0.16,1.62,优彩资源,化纤
2022-08-23 00:00:00,7.58,7.53,7.61,7.46,20251,15249442,1.97,-0.92,-0.07,1.33,优彩资源,化纤
2022-08-24 00:00:00,7.59,7.38,7.6,7.32,25272,18722506.44,3.72,-1.99,-0.15,1.66,优彩资源,化纤
2022-08-25 00:00:00,7.35,7.3,7.39,7.22,31928,23292862.47,2.3,-1.08,-0.08,2.1,优彩资源,化纤
2022-08-26 00:00:00,7.28,7.27,7.42,7.26,20135,14765554,2.19,-0.41,-0.03,1.32,优彩资源,化纤
2022-08-29 00:00:00,7.2,7.32,7.37,7.08,19093,13872926,3.99,0.69,0.05,1.26,优彩资源,化纤
2022-08-30 00:00:00,7.3,7.4,7.42,7.28,18838,13829546,1.91,1.09,0.08,1.24,优彩资源,化纤
2022-08-31 00:00:00,7.37,7.3,7.45,7.2,21528,15708899.98,3.38,-1.35,-0.1,1.42,优彩资源,化纤
2022-09-01 00:00:00,7.31,7.31,7.42,7.3,21402,15736528.02,1.64,0.14,0.01,1.41,优彩资源,化纤
2022-09-02 00:00:00,7.38,7.54,7.54,7.33,25854,19219001,2.87,3.15,0.23,1.7,优彩资源,化纤
2022-09-05 00:00:00,7.7,7.37,7.8,7.2,80421,59778769.4,7.96,-2.25,-0.17,5.29,优彩资源,化纤
2022-09-06 00:00:00,7.25,7.33,7.38,7.16,45793,33247410.64,2.99,-0.54,-0.04,3.01,优彩资源,化纤
2022-09-07 00:00:00,7.3,7.3,7.36,7.25,23389,17078615,1.5,-0.41,-0.03,1.54,优彩资源,化纤
2022-09-08 00:00:00,7.31,7.11,7.5,7.09,82791,60322714,5.62,-2.6,-0.19,5.45,优彩资源,化纤
2022-09-09 00:00:00,7.09,6.9,7.26,6.89,67830,47718200.57,5.2,-2.95,-0.21,4.46,优彩资源,化纤
2022-09-13 00:00:00,6.91,7.12,7.14,6.9,47562,33549288.58,3.48,3.19,0.22,3.13,优彩资源,化纤
2022-09-14 00:00:00,7.04,7.02,7.09,6.98,19701,13847424,1.54,-1.4,-0.1,1.3,优彩资源,化纤
2022-09-15 00:00:00,7.06,6.82,7.06,6.76,37643,25799325.75,4.27,-2.85,-0.2,2.48,优彩资源,化纤
2022-09-16 00:00:00,6.82,6.64,6.84,6.64,19588,13160447,2.93,-2.64,-0.18,1.29,优彩资源,化纤
2022-09-19 00:00:00,6.68,6.51,6.68,6.48,15053,9860708,3.01,-1.96,-0.13,0.99,优彩资源,化纤
2022-09-20 00:00:00,6.56,6.64,6.67,6.56,18183,12039804.33,1.69,2,0.13,1.2,优彩资源,化纤
2022-09-21 00:00:00,6.61,6.72,6.75,6.51,16050,10706934.92,3.61,1.2,0.08,1.06,优彩资源,化纤
2022-09-22 00:00:00,6.68,6.69,6.76,6.65,11138,7467326.42,1.64,-0.45,-0.03,0.73,优彩资源,化纤
2022-09-23 00:00:00,6.69,6.51,6.71,6.51,18063,11945671,2.99,-2.69,-0.18,1.19,优彩资源,化纤
2022-09-26 00:00:00,6.49,6.32,6.5,6.3,16853,10789818,3.07,-2.92,-0.19,1.11,优彩资源,化纤
2022-09-27 00:00:00,6.37,6.44,6.47,6.33,17629,11293882,2.22,1.9,0.12,1.16,优彩资源,化纤
2022-09-28 00:00:00,6.45,6.43,6.65,6.39,24822,16138778.03,4.04,-0.16,-0.01,1.63,优彩资源,化纤
2022-09-29 00:00:00,6.45,6.38,6.52,6.34,15088,9682696.73,2.8,-0.78,-0.05,0.99,优彩资源,化纤
2022-09-30 00:00:00,6.35,6.28,6.39,6.26,12872,8122989.86,2.04,-1.57,-0.1,0.85,优彩资源,化纤
2022-10-10 00:00:00,6.28,6.17,6.33,6.17,17052,10631559.28,2.55,-1.75,-0.11,1.12,优彩资源,化纤
2022-10-11 00:00:00,6.21,6.2,6.24,6.11,12807,7907567,2.11,0.49,0.03,0.84,优彩资源,化纤
2022-10-12 00:00:00,6.23,6.31,6.33,6.12,13840,8592002,3.39,1.77,0.11,0.91,优彩资源,化纤
2022-10-13 00:00:00,6.31,6.47,6.54,6.27,18968,12171363.74,4.28,2.54,0.16,1.25,优彩资源,化纤
2022-10-14 00:00:00,6.47,6.65,6.69,6.47,21122,13993695.7,3.4,2.78,0.18,1.39,优彩资源,化纤
2022-10-17 00:00:00,6.62,6.78,6.78,6.6,14558,9790576.35,2.71,1.95,0.13,0.96,优彩资源,化纤
2022-10-18 00:00:00,6.8,6.81,6.82,6.72,14827,10045564,1.47,0.44,0.03,0.98,优彩资源,化纤
2022-10-19 00:00:00,6.75,6.83,6.95,6.75,25376,17452634.04,2.94,0.29,0.02,1.67,优彩资源,化纤
2022-10-20 00:00:00,6.83,6.79,6.9,6.72,15432,10492697.24,2.64,-0.59,-0.04,1.02,优彩资源,化纤
2022-10-21 00:00:00,6.75,6.76,6.83,6.56,12963,8745646.49,3.98,-0.44,-0.03,0.85,优彩资源,化纤
2022-10-24 00:00:00,6.81,6.72,6.88,6.68,14573,9898533.42,2.96,-0.59,-0.04,0.96,优彩资源,化纤
2022-10-25 00:00:00,6.73,6.64,6.73,6.56,16145,10687614,2.53,-1.19,-0.08,1.06,优彩资源,化纤
2022-10-26 00:00:00,6.62,6.77,6.84,6.6,26771,18041293.71,3.61,1.96,0.13,1.76,优彩资源,化纤
2022-10-27 00:00:00,6.78,6.75,6.86,6.71,10938,7403245,2.22,-0.3,-0.02,0.72,优彩资源,化纤
2022-10-28 00:00:00,6.7,6.45,6.75,6.43,14611,9586650,4.74,-4.44,-0.3,0.96,优彩资源,化纤
2022-10-31 00:00:00,6.52,6.52,6.61,6.48,17864,11723350,2.02,1.09,0.07,1.18,优彩资源,化纤
2022-11-01 00:00:00,6.6,6.7,6.72,6.57,21038,14015663,2.3,2.76,0.18,1.38,优彩资源,化纤
2022-11-02 00:00:00,6.7,6.75,6.8,6.7,17249,11649033,1.49,0.75,0.05,1.13,优彩资源,化纤
2022-11-03 00:00:00,6.75,6.77,6.85,6.66,15529,10524607,2.81,0.3,0.02,1.02,优彩资源,化纤
2022-11-04 00:00:00,6.74,6.85,6.87,6.73,17443,11911428.1,2.07,1.18,0.08,1.15,优彩资源,化纤
2022-11-07 00:00:00,6.86,6.94,6.95,6.84,22540,15575998.21,1.61,1.31,0.09,1.48,优彩资源,化纤
2022-11-08 00:00:00,6.95,6.97,6.99,6.83,23501,16278016,2.31,0.43,0.03,1.55,优彩资源,化纤
2022-11-09 00:00:00,6.97,6.91,7.01,6.89,18687,12971632.02,1.72,-0.86,-0.06,1.23,优彩资源,化纤
2022-11-10 00:00:00,6.93,6.89,6.97,6.85,16098,11114189,1.74,-0.29,-0.02,1.06,优彩资源,化纤
2022-11-11 00:00:00,7,6.94,7.02,6.91,26583,18500064,1.6,0.73,0.05,1.75,优彩资源,化纤
2022-11-14 00:00:00,6.94,6.95,7.02,6.91,15310,10656516.36,1.59,0.14,0.01,1.01,优彩资源,化纤
2022-11-15 00:00:00,6.97,7.12,7.16,6.91,42256,29935761.46,3.6,2.45,0.17,2.78,优彩资源,化纤
2022-11-16 00:00:00,7.16,7.09,7.17,7.05,17388,12349838.68,1.69,-0.42,-0.03,1.14,优彩资源,化纤
2022-11-17 00:00:00,7.14,7.11,7.14,7.05,18033,12794690.4,1.27,0.28,0.02,1.19,优彩资源,化纤
2022-11-18 00:00:00,7.12,7.09,7.17,7.06,18393,13091782.98,1.55,-0.28,-0.02,1.21,优彩资源,化纤
2022-11-21 00:00:00,7.06,7.09,7.15,7.05,19634,13921657.98,1.41,0,0,1.29,优彩资源,化纤
2022-11-22 00:00:00,7.09,7.1,7.2,7.05,38446,27425972,2.12,0.14,0.01,2.53,优彩资源,化纤
2022-11-23 00:00:00,7.06,6.94,7.07,6.88,40202,27913450,2.68,-2.25,-0.16,2.64,优彩资源,化纤
2022-11-24 00:00:00,6.98,6.97,7.05,6.9,27356,19064119,2.16,0.43,0.03,1.8,优彩资源,化纤
2022-11-25 00:00:00,6.97,6.86,7.02,6.86,24640,17037529,2.3,-1.58,-0.11,1.62,优彩资源,化纤
2022-11-28 00:00:00,6.83,6.8,6.92,6.78,28383,19390593.13,2.04,-0.87,-0.06,1.87,优彩资源,化纤
2022-11-29 00:00:00,6.8,6.94,6.96,6.78,24993,17245147,2.65,2.06,0.14,1.64,优彩资源,化纤
2022-11-30 00:00:00,6.96,7.02,7.09,6.96,30888,21678508,1.87,1.15,0.08,2.03,优彩资源,化纤
2022-12-01 00:00:00,7.06,7.12,7.14,7,28512,20214933,1.99,1.42,0.1,1.88,优彩资源,化纤
2022-12-02 00:00:00,7.14,7.22,7.29,7.06,51824,37331172,3.23,1.4,0.1,3.41,优彩资源,化纤
2022-12-05 00:00:00,7.26,7.27,7.35,7.21,41221,29910615,1.94,0.69,0.05,2.71,优彩资源,化纤
2022-12-06 00:00:00,7.28,7.26,7.31,7.23,24866,18073913,1.1,-0.14,-0.01,1.64,优彩资源,化纤
2022-12-07 00:00:00,7.26,7.33,7.38,7.2,31354,22885796.68,2.48,0.96,0.07,2.06,优彩资源,化纤
2022-12-08 00:00:00,7.33,7.34,7.37,7.27,20656,15146574.8,1.36,0.14,0.01,1.36,优彩资源,化纤
2022-12-09 00:00:00,7.36,7.37,7.38,7.29,23161,17020610.16,1.23,0.41,0.03,1.52,优彩资源,化纤
2022-12-12 00:00:00,7.45,7.48,7.54,7.37,97148,72327936.88,2.31,1.49,0.11,6.39,优彩资源,化纤
2022-12-13 00:00:00,7.42,7.53,7.53,7.38,114255,85415299,2.01,0.67,0.05,7.52,优彩资源,化纤
2022-12-14 00:00:00,7.17,7.02,7.19,6.92,130511,92022371.69,3.59,-6.77,-0.51,8.59,优彩资源,化纤
2022-12-15 00:00:00,7,6.85,7.03,6.84,63854,44065501.67,2.71,-2.42,-0.17,4.2,优彩资源,化纤
2022-12-16 00:00:00,6.82,6.88,7.08,6.82,56375,39032133.74,3.8,0.44,0.03,3.71,优彩资源,化纤
2022-12-19 00:00:00,6.91,6.67,6.98,6.62,43065,28977115.26,5.23,-3.05,-0.21,2.83,优彩资源,化纤
2022-12-20 00:00:00,6.69,6.64,6.72,6.59,26555,17671940,1.95,-0.45,-0.03,1.75,优彩资源,化纤
2022-12-21 00:00:00,6.64,6.68,6.74,6.6,28712,19147485,2.11,0.6,0.04,1.89,优彩资源,化纤
2022-12-22 00:00:00,6.69,6.5,6.75,6.49,26260,17397800.71,3.89,-2.69,-0.18,1.73,优彩资源,化纤
2022-12-23 00:00:00,6.49,6.49,6.56,6.44,21034,13690326.72,1.85,-0.15,-0.01,1.38,优彩资源,化纤
2022-12-26 00:00:00,6.48,6.58,6.62,6.46,25295,16585726.41,2.47,1.39,0.09,1.66,优彩资源,化纤
2022-12-27 00:00:00,6.57,6.66,6.72,6.57,30107,20009578.06,2.28,1.22,0.08,1.98,优彩资源,化纤
2022-12-28 00:00:00,6.62,6.52,6.68,6.51,16756,11002493.24,2.55,-2.1,-0.14,1.1,优彩资源,化纤
2022-12-29 00:00:00,6.51,6.43,6.54,6.43,13737,8902191.11,1.69,-1.38,-0.09,0.9,优彩资源,化纤
2022-12-30 00:00:00,6.47,6.56,6.64,6.43,25600,16759604.74,3.27,2.02,0.13,1.68,优彩资源,化纤
2023-01-03 00:00:00,6.57,6.72,6.75,6.57,21162,14156087.62,2.74,2.44,0.16,1.39,优彩资源,化纤
2023-01-04 00:00:00,6.72,6.81,6.88,6.72,26517,18024864.6,2.38,1.34,0.09,1.74,优彩资源,化纤
2023-01-05 00:00:00,6.8,6.73,6.8,6.69,25188,16949792,1.62,-1.17,-0.08,1.66,优彩资源,化纤
2023-01-06 00:00:00,6.77,6.8,6.85,6.73,31017,21060069,1.78,1.04,0.07,2.04,优彩资源,化纤
2023-01-09 00:00:00,6.83,6.86,6.9,6.8,42173,28910507,1.47,0.88,0.06,2.77,优彩资源,化纤
2023-01-10 00:00:00,6.88,6.78,6.88,6.74,27147,18421077,2.04,-1.17,-0.08,1.79,优彩资源,化纤
2023-01-11 00:00:00,6.85,6.63,6.85,6.61,24891,16644282,3.54,-2.21,-0.15,1.64,优彩资源,化纤
2023-01-12 00:00:00,6.64,6.6,6.67,6.55,20548,13600816,1.81,-0.45,-0.03,1.35,优彩资源,化纤
2023-01-13 00:00:00,6.64,6.58,6.66,6.53,24582,16208936.32,1.97,-0.3,-0.02,1.62,优彩资源,化纤
2023-01-16 00:00:00,6.56,6.68,6.7,6.54,23813,15792104,2.43,1.52,0.1,1.57,优彩资源,化纤
2023-01-17 00:00:00,6.68,6.65,6.7,6.59,23150,15392793.84,1.65,-0.45,-0.03,1.52,优彩资源,化纤
2023-01-18 00:00:00,6.69,6.71,6.71,6.63,19597,13091974,1.2,0.9,0.06,1.29,优彩资源,化纤
2023-01-19 00:00:00,6.71,6.88,6.89,6.68,33426,22778780,3.13,2.53,0.17,2.2,优彩资源,化纤
2023-01-20 00:00:00,6.87,6.91,6.94,6.87,23106,15960775.5,1.02,0.44,0.03,1.52,优彩资源,化纤
2023-01-30 00:00:00,6.95,7.04,7.06,6.95,38724,27154215.5,1.59,1.88,0.13,2.55,优彩资源,化纤
2023-01-31 00:00:00,7.05,7.1,7.12,6.99,23844,16831590,1.85,0.85,0.06,1.57,优彩资源,化纤
2023-02-01 00:00:00,7.13,7.3,7.32,7.05,54192,39214180.5,3.8,2.82,0.2,3.56,优彩资源,化纤
2023-02-02 00:00:00,7.3,7.35,7.37,7.25,35665,26081464,1.64,0.68,0.05,2.35,优彩资源,化纤
2023-02-03 00:00:00,7.38,7.29,7.38,7.2,29889,21760281,2.45,-0.82,-0.06,1.97,优彩资源,化纤
2023-02-06 00:00:00,7.29,7.33,7.39,7.23,38505,28276092,2.19,0.55,0.04,2.53,优彩资源,化纤
2023-02-07 00:00:00,7.34,7.33,7.38,7.25,19038,13889081,1.77,0,0,1.25,优彩资源,化纤
2023-02-08 00:00:00,7.34,7.28,7.36,7.26,20969,15325195,1.36,-0.68,-0.05,1.38,优彩资源,化纤
2023-02-09 00:00:00,7.27,7.42,7.46,7.26,40133,29675991,2.75,1.92,0.14,2.64,优彩资源,化纤
2023-02-10 00:00:00,7.41,7.33,7.47,7.29,30821,22715470.48,2.43,-1.21,-0.09,2.03,优彩资源,化纤
2023-02-13 00:00:00,7.36,7.39,7.43,7.34,22848,16869104,1.23,0.82,0.06,1.5,优彩资源,化纤
2023-02-14 00:00:00,7.39,7.4,7.43,7.33,30723,22697930,1.35,0.14,0.01,2.02,优彩资源,化纤
2023-02-15 00:00:00,7.43,7.35,7.45,7.31,26503,19504743,1.89,-0.68,-0.05,1.74,优彩资源,化纤
2023-02-16 00:00:00,7.34,7.1,7.39,7.05,41626,30116290.08,4.63,-3.4,-0.25,2.74,优彩资源,化纤
2023-02-17 00:00:00,7.1,7.16,7.25,7.1,35966,25818371.36,2.11,0.85,0.06,2.37,优彩资源,化纤
2023-02-20 00:00:00,7.19,7.18,7.19,7.05,30503,21709528,1.96,0.28,0.02,2.01,优彩资源,化纤
2023-02-21 00:00:00,7.22,7.14,7.24,7.1,22058,15784906,1.95,-0.56,-0.04,1.45,优彩资源,化纤
2023-02-22 00:00:00,7.15,7.2,7.24,7.09,30671,22015091.47,2.1,0.84,0.06,2.02,优彩资源,化纤
2023-02-23 00:00:00,7.19,7.18,7.25,7.14,18102,13010639,1.53,-0.28,-0.02,1.19,优彩资源,化纤
2023-02-24 00:00:00,7.18,7.27,7.32,7.12,31601,22788230.37,2.79,1.25,0.09,2.08,优彩资源,化纤
2023-02-27 00:00:00,7.25,7.14,7.29,7.12,24750,17757322,2.34,-1.79,-0.13,1.63,优彩资源,化纤
2023-02-28 00:00:00,7.19,7.23,7.26,7.15,23463,16905344.36,1.54,1.26,0.09,1.54,优彩资源,化纤
2023-03-01 00:00:00,7.24,7.26,7.27,7.16,20104,14548830.36,1.52,0.41,0.03,1.32,优彩资源,化纤
2023-03-02 00:00:00,7.25,7.24,7.3,7.18,22040,15968998,1.65,-0.28,-0.02,1.45,优彩资源,化纤
2023-03-03 00:00:00,7.24,7.22,7.25,7.15,18824,13554851,1.38,-0.28,-0.02,1.24,优彩资源,化纤
2023-03-06 00:00:00,7.2,7.18,7.25,7.16,20119,14468683,1.25,-0.55,-0.04,1.32,优彩资源,化纤
2023-03-07 00:00:00,7.23,7.02,7.24,7.02,22146,15765406.74,3.06,-2.23,-0.16,1.46,优彩资源,化纤
2023-03-08 00:00:00,7,7.1,7.13,6.97,28584,20180059,2.28,1.14,0.08,1.88,优彩资源,化纤
2023-03-09 00:00:00,7.13,7.12,7.15,7.06,20571,14611112,1.27,0.28,0.02,1.35,优彩资源,化纤
2023-03-10 00:00:00,7.13,7.05,7.13,7.01,25117,17716318,1.69,-0.98,-0.07,1.65,优彩资源,化纤
2023-03-13 00:00:00,7,6.96,7.05,6.91,23654,16494585,1.99,-1.28,-0.09,1.56,优彩资源,化纤
2023-03-14 00:00:00,6.95,6.82,6.96,6.7,23965,16342935,3.74,-2.01,-0.14,1.58,优彩资源,化纤
2023-03-15 00:00:00,6.91,7.01,7.04,6.87,23038,16070423,2.49,2.79,0.19,1.52,优彩资源,化纤
2023-03-16 00:00:00,7,6.84,7,6.83,16147,11145654,2.43,-2.43,-0.17,1.06,优彩资源,化纤
2023-03-17 00:00:00,6.92,6.87,7,6.85,17599,12146648,2.19,0.44,0.03,1.16,优彩资源,化纤
2023-03-20 00:00:00,6.87,6.91,6.99,6.84,27574,19067319.47,2.18,0.58,0.04,1.81,优彩资源,化纤
2023-03-21 00:00:00,6.92,7.06,7.06,6.88,28776,20137499,2.6,2.17,0.15,1.89,优彩资源,化纤
2023-03-22 00:00:00,7.05,7.08,7.16,7.03,23922,16983281.42,1.84,0.28,0.02,1.57,优彩资源,化纤
2023-03-23 00:00:00,7.06,7.12,7.17,7.04,24861,17677010.3,1.84,0.56,0.04,1.64,优彩资源,化纤
2023-03-24 00:00:00,7.1,7.13,7.15,7.05,24253,17242689,1.4,0.14,0.01,1.6,优彩资源,化纤
2023-03-27 00:00:00,7.16,7.12,7.19,7.04,25163,17866803,2.1,-0.14,-0.01,1.66,优彩资源,化纤
2023-03-28 00:00:00,7.16,7.09,7.19,7.06,21679,15418698.24,1.83,-0.42,-0.03,1.43,优彩资源,化纤
2023-03-29 00:00:00,7.05,6.99,7.09,6.95,29680,20796677,1.97,-1.41,-0.1,1.95,优彩资源,化纤
2023-03-30 00:00:00,6.99,6.86,7.07,6.85,27824,19220445,3.15,-1.86,-0.13,1.83,优彩资源,化纤
2023-03-31 00:00:00,6.87,6.88,6.95,6.8,22329,15352507,2.19,0.29,0.02,1.47,优彩资源,化纤
2023-04-03 00:00:00,6.89,6.86,6.93,6.82,24388,16740174,1.6,-0.29,-0.02,1.6,优彩资源,化纤
2023-04-04 00:00:00,6.89,6.67,6.92,6.64,36084,24270220.14,4.08,-2.77,-0.19,2.37,优彩资源,化纤
2023-04-06 00:00:00,6.67,6.57,6.68,6.56,37634,24821843,1.8,-1.5,-0.1,2.48,优彩资源,化纤
2023-04-07 00:00:00,6.59,6.57,6.61,6.53,31281,20520633.92,1.22,0,0,2.06,优彩资源,化纤
2023-04-10 00:00:00,6.57,6.4,6.58,6.38,55771,35963620.22,3.04,-2.59,-0.17,3.67,优彩资源,化纤
2023-04-11 00:00:00,6.42,6.35,6.43,6.27,51202,32490503.64,2.5,-0.78,-0.05,3.37,优彩资源,化纤
2023-04-12 00:00:00,6.51,6.46,6.71,6.39,106466,69533369.75,5.04,1.73,0.11,7,优彩资源,化纤
2023-04-13 00:00:00,6.51,6.52,6.6,6.41,68237,44412698,2.94,0.93,0.06,4.49,优彩资源,化纤
2023-04-14 00:00:00,6.54,6.49,6.63,6.46,37664,24542538.4,2.61,-0.46,-0.03,2.48,优彩资源,化纤
2023-04-17 00:00:00,6.49,6.54,6.57,6.45,31644,20659976,1.85,0.77,0.05,2.08,优彩资源,化纤
2023-04-18 00:00:00,6.49,6.48,6.56,6.48,23333,15172455,1.22,-0.92,-0.06,1.53,优彩资源,化纤
2023-04-19 00:00:00,6.5,6.5,6.51,6.46,23222,15062751,0.77,0.31,0.02,1.53,优彩资源,化纤
2023-04-20 00:00:00,6.47,6.48,6.48,6.37,31882,20488540.94,1.69,-0.31,-0.02,2.1,优彩资源,化纤
2023-04-21 00:00:00,6.46,6.29,6.51,6.28,32751,20851929,3.55,-2.93,-0.19,2.15,优彩资源,化纤
2023-04-24 00:00:00,6.31,6.25,6.32,6.13,31616,19637726.64,3.02,-0.64,-0.04,2.08,优彩资源,化纤
2023-04-25 00:00:00,6.28,6.2,6.41,6.1,46482,28926636.93,4.96,-0.8,-0.05,3.06,优彩资源,化纤
2023-04-26 00:00:00,6.22,6.37,6.41,6.12,40917,25702396.99,4.68,2.74,0.17,2.69,优彩资源,化纤
2023-04-27 00:00:00,6.38,6.41,6.47,6.29,35072,22450936.38,2.83,0.63,0.04,2.31,优彩资源,化纤
2023-04-28 00:00:00,6.37,6.7,6.72,6.37,61853,40865274,5.46,4.52,0.29,4.07,优彩资源,化纤
2023-05-04 00:00:00,6.69,6.83,6.88,6.65,56092,38230985,3.43,1.94,0.13,3.69,优彩资源,化纤
2023-05-05 00:00:00,6.86,6.84,6.89,6.74,33001,22449654,2.2,0.15,0.01,2.17,优彩资源,化纤
2023-05-08 00:00:00,6.88,6.81,6.88,6.78,30799,21022016.57,1.46,-0.44,-0.03,2.03,优彩资源,化纤
2023-05-09 00:00:00,6.8,6.67,6.82,6.66,31893,21488653,2.35,-2.06,-0.14,2.1,优彩资源,化纤
2023-05-10 00:00:00,6.68,6.73,6.76,6.66,16116,10840775,1.5,0.9,0.06,1.06,优彩资源,化纤
2023-05-11 00:00:00,6.76,6.85,6.87,6.68,26368,17894600,2.82,1.78,0.12,1.73,优彩资源,化纤
2023-05-12 00:00:00,6.83,6.8,6.87,6.76,22741,15476891,1.61,-0.73,-0.05,1.5,优彩资源,化纤
2023-05-15 00:00:00,6.79,6.89,6.91,6.76,22692,15519789.2,2.21,1.32,0.09,1.49,优彩资源,化纤
2023-05-16 00:00:00,6.89,6.93,6.97,6.83,29391,20311026.89,2.03,0.58,0.04,1.93,优彩资源,化纤
2023-05-17 00:00:00,6.92,6.99,7.03,6.86,28833,20146429,2.45,0.87,0.06,1.9,优彩资源,化纤
2023-05-18 00:00:00,7,7,7.03,6.95,26196,18319932,1.14,0.14,0.01,1.72,优彩资源,化纤
2023-05-19 00:00:00,6.99,6.96,6.99,6.91,19044,13242911,1.14,-0.57,-0.04,1.25,优彩资源,化纤
2023-05-22 00:00:00,6.96,7.01,7.06,6.91,21582,15108807,2.16,0.72,0.05,1.42,优彩资源,化纤
2023-05-23 00:00:00,7.05,7.02,7.09,6.96,32595,22990804,1.85,0.14,0.01,2.14,优彩资源,化纤
2023-05-24 00:00:00,6.97,6.97,7.03,6.95,23353,16326956.42,1.14,-0.71,-0.05,1.54,优彩资源,化纤
2023-05-25 00:00:00,7.14,7,7.14,6.91,29984,20912150,3.3,0.43,0.03,1.97,优彩资源,化纤
2023-05-26 00:00:00,7,6.97,7,6.9,27275,18970087,1.43,-0.43,-0.03,1.79,优彩资源,化纤
2023-05-29 00:00:00,6.97,6.89,7.02,6.86,22899,15897865.03,2.3,-1.15,-0.08,1.51,优彩资源,化纤
2023-05-30 00:00:00,6.91,6.96,6.98,6.86,28248,19556749.82,1.74,1.02,0.07,1.86,优彩资源,化纤
2023-05-31 00:00:00,6.94,6.8,6.98,6.78,27026,18483851,2.87,-2.3,-0.16,1.78,优彩资源,化纤
2023-06-01 00:00:00,6.82,6.82,6.9,6.79,22342,15318674,1.62,0.29,0.02,1.47,优彩资源,化纤
2023-06-02 00:00:00,6.85,6.9,6.91,6.8,21237,14605036.72,1.61,1.17,0.08,1.4,优彩资源,化纤
2023-06-05 00:00:00,6.88,6.98,7,6.88,20709,14396267.72,1.74,1.16,0.08,1.36,优彩资源,化纤
2023-06-06 00:00:00,6.99,6.8,6.99,6.8,25369,17454525.74,2.72,-2.58,-0.18,1.67,优彩资源,化纤
2023-06-07 00:00:00,6.86,6.87,6.9,6.8,25466,17478821,1.47,1.03,0.07,1.68,优彩资源,化纤
2023-06-08 00:00:00,6.81,6.88,6.94,6.81,20385,14037034.47,1.89,0.15,0.01,1.34,优彩资源,化纤
2023-06-09 00:00:00,6.85,6.82,6.87,6.75,28457,19380050,1.74,-0.87,-0.06,1.87,优彩资源,化纤
2023-06-12 00:00:00,6.81,6.86,6.87,6.69,21811,14819188,2.64,0.59,0.04,1.43,优彩资源,化纤
2023-06-13 00:00:00,6.81,6.93,6.95,6.79,23631,16310900,2.33,1.02,0.07,1.55,优彩资源,化纤
2023-06-14 00:00:00,6.93,6.83,6.95,6.81,27089,18543668,2.02,-1.44,-0.1,1.78,优彩资源,化纤
2023-06-15 00:00:00,6.87,6.85,6.89,6.76,33325,22764797,1.9,0.29,0.02,2.19,优彩资源,化纤
2023-06-16 00:00:00,6.88,6.82,6.93,6.79,27890,19123215,2.04,-0.44,-0.03,1.83,优彩资源,化纤
2023-06-19 00:00:00,6.81,6.75,6.88,6.74,23889,16230895,2.05,-1.03,-0.07,1.57,优彩资源,化纤
2023-06-20 00:00:00,6.79,6.68,6.79,6.67,20522,13746258,1.78,-1.04,-0.07,1.35,优彩资源,化纤
2023-06-21 00:00:00,6.74,6.61,6.74,6.56,26343,17488653.4,2.69,-1.05,-0.07,1.73,优彩资源,化纤
2023-06-26 00:00:00,6.58,6.54,6.69,6.53,24254,15968029,2.42,-1.06,-0.07,1.6,优彩资源,化纤
2023-06-27 00:00:00,6.54,6.8,6.84,6.54,27125,18317330,4.59,3.98,0.26,1.78,优彩资源,化纤
2023-06-28 00:00:00,6.81,6.88,6.89,6.71,22170,15113596,2.65,1.18,0.08,1.46,优彩资源,化纤
2023-06-29 00:00:00,6.88,6.94,6.98,6.8,27137,18823141,2.62,0.87,0.06,1.79,优彩资源,化纤
2023-06-30 00:00:00,6.99,7.1,7.11,6.96,34625,24467723.7,2.16,2.31,0.16,2.28,优彩资源,化纤
2023-07-03 00:00:00,7.1,7.13,7.18,7.08,36780,26213761,1.41,0.42,0.03,2.42,优彩资源,化纤
2023-07-04 00:00:00,7.1,7.19,7.2,7.02,25755,18475559,2.52,0.84,0.06,1.69,优彩资源,化纤
2023-07-05 00:00:00,7.2,7.14,7.21,7.11,26548,18974281,1.39,-0.7,-0.05,1.75,优彩资源,化纤
2023-07-06 00:00:00,7.24,7.2,7.25,7.07,41780,30043670,2.52,0.84,0.06,2.75,优彩资源,化纤
2023-07-07 00:00:00,7.21,7.2,7.32,7.14,41638,30147621,2.5,0,0,2.74,优彩资源,化纤
2023-07-10 00:00:00,7.33,7.31,7.37,7.25,50666,37045140,1.67,1.53,0.11,3.33,优彩资源,化纤
2023-07-11 00:00:00,7.33,7.57,7.61,7.32,100016,75184848.27,3.97,3.56,0.26,6.58,优彩资源,化纤
2023-07-12 00:00:00,7.53,7.57,7.73,7.5,78679,59705591.5,3.04,0,0,5.18,优彩资源,化纤
2023-07-13 00:00:00,7.49,7.6,7.66,7.49,60095,45590776,2.25,0.4,0.03,3.95,优彩资源,化纤
2023-07-14 00:00:00,7.6,7.65,7.7,7.52,48669,37141153,2.37,0.66,0.05,3.2,优彩资源,化纤
2023-07-17 00:00:00,7.55,7.72,7.74,7.5,57320,44057270,3.14,0.92,0.07,3.77,优彩资源,化纤
2023-07-18 00:00:00,7.71,7.82,7.85,7.65,45200,35112039,2.59,1.3,0.1,2.97,优彩资源,化纤
2023-07-19 00:00:00,7.76,7.91,7.94,7.75,42036,33063730.58,2.43,1.15,0.09,2.77,优彩资源,化纤
2023-07-20 00:00:00,7.9,7.9,8.06,7.85,45053,35819156,2.65,-0.13,-0.01,2.96,优彩资源,化纤
2023-07-21 00:00:00,7.87,7.84,7.94,7.8,42070,33085322.75,1.77,-0.76,-0.06,2.77,优彩资源,化纤
2023-07-24 00:00:00,7.83,7.84,7.89,7.79,32598,25533436,1.28,0,0,2.14,优彩资源,化纤
2023-07-25 00:00:00,7.82,7.91,7.97,7.81,32602,25743882,2.04,0.89,0.07,2.14,优彩资源,化纤
2023-07-26 00:00:00,7.89,7.93,7.96,7.85,35342,27963903,1.39,0.25,0.02,2.32,优彩资源,化纤
2023-07-27 00:00:00,7.94,7.89,8.02,7.84,35177,27865977,2.27,-0.5,-0.04,2.31,优彩资源,化纤
2023-07-28 00:00:00,7.86,7.82,7.95,7.78,39861,31329453.84,2.15,-0.89,-0.07,2.62,优彩资源,化纤
2023-07-31 00:00:00,7.83,7.74,7.89,7.7,57818,44935566,2.43,-1.02,-0.08,3.8,优彩资源,化纤
2023-08-01 00:00:00,7.78,7.87,7.9,7.73,90209,70670036,2.2,1.68,0.13,5.93,优彩资源,化纤
2023-08-02 00:00:00,7.87,7.9,8.04,7.81,58721,46383114,2.92,0.38,0.03,3.86,优彩资源,化纤
2023-08-03 00:00:00,7.89,7.86,7.92,7.77,49053,38465116,1.9,-0.51,-0.04,3.23,优彩资源,化纤
2023-08-04 00:00:00,7.86,7.77,7.92,7.75,36642,28645851,2.16,-1.15,-0.09,2.41,优彩资源,化纤
2023-08-07 00:00:00,7.78,7.81,7.94,7.73,55553,43579137,2.7,0.51,0.04,3.65,优彩资源,化纤
2023-08-08 00:00:00,7.8,7.92,7.95,7.76,46260,36447670.47,2.43,1.41,0.11,3.04,优彩资源,化纤
2023-08-09 00:00:00,7.91,7.75,7.93,7.74,33969,26540436,2.4,-2.15,-0.17,2.23,优彩资源,化纤
2023-08-10 00:00:00,7.76,7.92,7.96,7.67,47885,37631005,3.74,2.19,0.17,3.15,优彩资源,化纤
2023-08-11 00:00:00,7.93,7.74,7.96,7.74,30791,24093132,2.78,-2.27,-0.18,2.03,优彩资源,化纤
2023-08-14 00:00:00,7.7,7.79,7.8,7.63,37273,28785124,2.2,0.65,0.05,2.45,优彩资源,化纤
2023-08-15 00:00:00,7.78,7.75,7.92,7.71,32535,25393799,2.7,-0.51,-0.04,2.14,优彩资源,化纤
2023-08-16 00:00:00,7.78,7.69,7.82,7.68,37491,28948655,1.81,-0.77,-0.06,2.47,优彩资源,化纤
2023-08-17 00:00:00,7.72,7.78,7.8,7.59,44703,34361249.74,2.73,1.17,0.09,2.94,优彩资源,化纤
2023-08-18 00:00:00,7.85,7.71,7.85,7.69,39321,30502813,2.06,-0.9,-0.07,2.59,优彩资源,化纤
2023-08-21 00:00:00,7.7,7.71,7.81,7.65,40566,31466653,2.08,0,0,2.67,优彩资源,化纤
2023-08-22 00:00:00,7.74,7.64,7.78,7.49,43686,33166446,3.76,-0.91,-0.07,2.87,优彩资源,化纤
2023-08-23 00:00:00,7.64,7.67,7.75,7.58,43677,33515345,2.23,0.39,0.03,2.87,优彩资源,化纤
2023-08-24 00:00:00,7.69,7.66,7.73,7.53,37635,28710101.54,2.61,-0.13,-0.01,2.48,优彩资源,化纤
2023-08-25 00:00:00,7.58,7.54,7.72,7.51,31497,23964504.81,2.74,-1.57,-0.12,2.07,优彩资源,化纤
2023-08-28 00:00:00,7.8,7.69,7.91,7.65,53960,42142917.28,3.45,1.99,0.15,3.55,优彩资源,化纤
2023-08-29 00:00:00,7.71,7.79,7.81,7.62,35526,27465860,2.47,1.3,0.1,2.34,优彩资源,化纤
2023-08-30 00:00:00,7.75,7.78,7.88,7.72,51693,40311933,2.05,-0.13,-0.01,3.4,优彩资源,化纤
2023-08-31 00:00:00,7.79,7.65,7.8,7.54,49359,37647361.8,3.34,-1.67,-0.13,3.25,优彩资源,化纤
2023-09-01 00:00:00,7.66,7.6,7.72,7.56,51078,38938319,2.09,-0.65,-0.05,3.36,优彩资源,化纤
2023-09-04 00:00:00,7.61,7.83,7.86,7.58,77082,59932303,3.68,3.03,0.23,5.07,优彩资源,化纤
2023-09-05 00:00:00,7.8,7.66,7.82,7.6,52860,40499083,2.81,-2.17,-0.17,3.48,优彩资源,化纤
2023-09-06 00:00:00,7.63,7.77,7.85,7.63,68021,52927142,2.87,1.44,0.11,4.47,优彩资源,化纤
2023-09-07 00:00:00,7.77,7.67,7.83,7.67,45495,35244532,2.06,-1.29,-0.1,2.99,优彩资源,化纤
2023-09-08 00:00:00,7.64,7.64,7.83,7.63,40198,30928715,2.61,-0.39,-0.03,2.64,优彩资源,化纤
2023-09-11 00:00:00,7.62,7.78,7.83,7.62,54584,42407472,2.75,1.83,0.14,3.59,优彩资源,化纤
2023-09-12 00:00:00,7.82,7.63,7.82,7.6,46086,35207958,2.83,-1.93,-0.15,3.03,优彩资源,化纤
2023-09-13 00:00:00,7.6,7.6,7.68,7.51,41899,31832130,2.23,-0.39,-0.03,2.76,优彩资源,化纤
2023-09-14 00:00:00,7.64,7.54,7.64,7.47,31046,23383574,2.24,-0.79,-0.06,2.04,优彩资源,化纤
2023-09-15 00:00:00,7.54,7.48,7.58,7.45,32215,24214975,1.72,-0.8,-0.06,2.12,优彩资源,化纤
2023-09-18 00:00:00,7.46,7.76,7.8,7.36,63961,49054197,5.88,3.74,0.28,4.21,优彩资源,化纤
2023-09-19 00:00:00,7.79,7.54,7.79,7.5,44459,33753424,3.74,-2.84,-0.22,2.92,优彩资源,化纤
2023-09-20 00:00:00,7.54,7.52,7.66,7.47,29969,22652647,2.52,-0.27,-0.02,1.97,优彩资源,化纤
2023-09-21 00:00:00,7.55,7.5,7.61,7.48,27569,20778503.5,1.73,-0.27,-0.02,1.81,优彩资源,化纤
2023-09-22 00:00:00,7.54,7.65,7.67,7.46,37683,28619399,2.8,2,0.15,2.48,优彩资源,化纤
2023-09-25 00:00:00,7.68,7.66,7.72,7.54,30926,23616693.8,2.35,0.13,0.01,2.03,优彩资源,化纤
2023-09-26 00:00:00,7.7,7.69,7.71,7.53,35640,27149963,2.35,0.39,0.03,2.34,优彩资源,化纤
2023-09-27 00:00:00,7.68,7.64,7.73,7.46,34964,26695643,3.51,-0.65,-0.05,2.3,优彩资源,化纤
2023-09-28 00:00:00,7.65,7.78,7.8,7.64,32959,25518714,2.09,1.83,0.14,2.17,优彩资源,化纤
2023-10-09 00:00:00,7.68,7.62,7.74,7.54,75772,57787114.56,2.57,-2.06,-0.16,4.98,优彩资源,化纤
2023-10-10 00:00:00,7.68,7.68,7.88,7.65,72913,56538742.88,3.02,0.79,0.06,4.8,优彩资源,化纤
2023-10-11 00:00:00,7.73,7.7,7.82,7.66,56866,43927556,2.08,0.26,0.02,3.74,优彩资源,化纤
2023-10-12 00:00:00,7.71,7.78,7.82,7.69,47191,36649287,1.69,1.04,0.08,3.1,优彩资源,化纤
2023-10-13 00:00:00,7.77,7.7,7.83,7.65,57778,44521723,2.31,-1.03,-0.08,3.8,优彩资源,化纤
2023-10-16 00:00:00,7.73,7.68,7.8,7.55,78850,60383185,3.25,-0.26,-0.02,5.19,优彩资源,化纤
2023-10-17 00:00:00,7.68,7.99,8.42,7.6,221697,178828003.44,10.68,4.04,0.31,14.58,优彩资源,化纤
2023-10-18 00:00:00,8.05,7.75,8.19,7.7,177322,139442083,6.13,-3,-0.24,11.66,优彩资源,化纤
2023-10-19 00:00:00,7.72,7.79,7.89,7.62,123672,96077114.06,3.48,0.52,0.04,8.14,优彩资源,化纤
2023-10-20 00:00:00,7.8,7.97,8.3,7.75,175581,140547879.12,7.06,2.31,0.18,11.55,优彩资源,化纤
2023-10-23 00:00:00,7.96,7.73,8,7.65,162301,126154431.5,4.39,-3.01,-0.24,10.68,优彩资源,化纤
2023-10-24 00:00:00,7.73,8.12,8.25,7.68,183209,147638232.9,7.37,5.05,0.39,12.05,优彩资源,化纤
2023-10-25 00:00:00,8.21,8.1,8.29,8.02,149578,121562637.9,3.33,-0.25,-0.02,9.84,优彩资源,化纤
2023-10-26 00:00:00,8.06,8.23,8.33,8.02,154119,126444403,3.83,1.6,0.13,10.14,优彩资源,化纤
2023-10-27 00:00:00,8.21,8.28,8.44,8.07,162163,133891933.65,4.5,0.61,0.05,10.67,优彩资源,化纤
2023-10-30 00:00:00,8.25,8.29,8.46,8.2,132164,109739877.08,3.14,0.12,0.01,8.69,优彩资源,化纤
2023-10-31 00:00:00,8.21,8.24,8.31,8.06,108119,88821088.26,3.02,-0.6,-0.05,7.11,优彩资源,化纤
2023-11-01 00:00:00,8.22,8.33,8.42,8.17,100987,84151955.54,3.03,1.09,0.09,6.64,优彩资源,化纤
2023-11-02 00:00:00,8.35,8.14,8.37,8.13,99538,81860461,2.88,-2.28,-0.19,6.55,优彩资源,化纤
2023-11-03 00:00:00,8.15,8.1,8.28,8.07,101109,82361819,2.58,-0.49,-0.04,6.65,优彩资源,化纤
2023-11-06 00:00:00,8.14,8.2,8.23,8.09,71042,58064005.2,1.73,1.23,0.1,4.67,优彩资源,化纤
2023-11-07 00:00:00,8.18,8.57,8.62,8.13,151528,127586373,5.98,4.51,0.37,9.97,优彩资源,化纤
2023-11-08 00:00:00,8.59,8.4,8.59,8.36,100699,85026187,2.68,-1.98,-0.17,6.62,优彩资源,化纤
2023-11-09 00:00:00,8.43,8.64,8.88,8.4,144545,125249208.92,5.71,2.86,0.24,9.51,优彩资源,化纤
2023-11-10 00:00:00,8.54,8.73,8.87,8.48,132492,115680924,4.51,1.04,0.09,8.72,优彩资源,化纤
2023-11-13 00:00:00,8.75,8.68,8.8,8.58,88352,76369859.07,2.52,-0.57,-0.05,5.81,优彩资源,化纤
2023-11-14 00:00:00,8.68,8.61,8.81,8.52,79306,68445786,3.34,-0.81,-0.07,5.22,优彩资源,化纤
2023-11-15 00:00:00,8.64,8.59,8.67,8.5,59659,51039654.33,1.97,-0.23,-0.02,3.92,优彩资源,化纤
2023-11-16 00:00:00,8.59,8.62,8.69,8.53,69528,59966352,1.86,0.35,0.03,4.57,优彩资源,化纤
2023-11-17 00:00:00,8.52,8.55,8.68,8.49,74228,63542245,2.2,-0.81,-0.07,4.88,优彩资源,化纤
2023-11-20 00:00:00,8.55,8.54,8.58,8.47,55645,47363591,1.29,-0.12,-0.01,3.66,优彩资源,化纤
2023-11-21 00:00:00,8.52,8.52,8.66,8.47,59660,51044422,2.22,-0.23,-0.02,3.92,优彩资源,化纤
2023-11-22 00:00:00,8.49,8.46,8.55,8.45,41013,34877547,1.17,-0.7,-0.06,2.7,优彩资源,化纤
2023-11-23 00:00:00,8.46,8.56,8.57,8.4,39029,33159997,2.01,1.18,0.1,2.57,优彩资源,化纤
2023-11-24 00:00:00,8.56,8.43,8.57,8.4,40347,34171102.84,1.99,-1.52,-0.13,2.65,优彩资源,化纤
2023-11-27 00:00:00,8.46,8.43,8.49,8.38,38460,32428669,1.3,0,0,2.53,优彩资源,化纤
2023-11-28 00:00:00,8.4,8.5,8.56,8.38,31300,26634924,2.14,0.83,0.07,2.06,优彩资源,化纤
2023-11-29 00:00:00,8.52,8.45,8.6,8.45,38122,32438716.65,1.76,-0.59,-0.05,2.51,优彩资源,化纤
2023-11-30 00:00:00,8.46,8.31,8.51,8.22,59350,49337820,3.43,-1.66,-0.14,3.9,优彩资源,化纤
2023-12-01 00:00:00,8.31,8.21,8.4,8.2,58907,48846646,2.41,-1.2,-0.1,3.88,优彩资源,化纤
2023-12-04 00:00:00,8.18,8.25,8.29,8.17,46635,38460457.19,1.46,0.49,0.04,3.07,优彩资源,化纤
2023-12-05 00:00:00,8.22,8.15,8.31,8.15,32517,26718254,1.94,-1.21,-0.1,2.14,优彩资源,化纤
2023-12-06 00:00:00,8.15,8.25,8.34,8.12,31280,25850362,2.7,1.23,0.1,2.06,优彩资源,化纤
2023-12-07 00:00:00,8.28,8.15,8.28,8.1,37954,30932817,2.18,-1.21,-0.1,2.5,优彩资源,化纤
2023-12-08 00:00:00,8.14,7.98,8.17,7.96,45262,36454859,2.58,-2.09,-0.17,2.98,优彩资源,化纤
